-- phpMyAdmin SQL Dump
-- version 3.5.8.1deb1
-- http://www.phpmyadmin.net
--
-- 主机: localhost
-- 生成日期: 2013 年 06 月 05 日 09:28
-- 服务器版本: 5.5.31-0ubuntu0.13.04.1
-- PHP 版本: 5.4.9-4ubuntu2

SET SQL_MODE="NO_AUTO_VALUE_ON_ZERO";
SET time_zone = "+00:00";


/*!40101 SET @OLD_CHARACTER_SET_CLIENT=@@CHARACTER_SET_CLIENT */;
/*!40101 SET @OLD_CHARACTER_SET_RESULTS=@@CHARACTER_SET_RESULTS */;
/*!40101 SET @OLD_COLLATION_CONNECTION=@@COLLATION_CONNECTION */;
/*!40101 SET NAMES utf8 */;

--
-- 数据库: `ShareDocuments`
--
CREATE DATABASE `ShareDocuments` DEFAULT CHARACTER SET utf8 COLLATE utf8_general_ci;
USE `ShareDocuments`;

DELIMITER $$
--
-- 存储过程
--
CREATE DEFINER=`root`@`localhost` PROCEDURE `f5`()
begin
select column_name from information_schema.columns where table_name = 'test';
delete from Apriori;
end$$

CREATE DEFINER=`root`@`localhost` PROCEDURE `f6`()
begin
DECLARE done INT DEFAULT 0;
declare Name1 varchar(32);
declare DocumentsId1 INT;
DECLARE cur CURSOR FOR (select distinct Name,DocumentsId from UserLog where DocumentsId is not null order by Name,DocumentsId);
DECLARE CONTINUE HANDLER FOR SQLSTATE '02000' SET done = 1;
OPEN cur;
repeat
    FETCH cur into Name1,DocumentsId1;
    if not done then
        if not exists(select * from test where name=Name1) then
           insert into test(name) values(Name1);
        end if;
        if not exists(select * from information_schema.columns where table_name = 'test' and column_name=concat('Id_',DocumentsId1)) then 
            set @stmt=concat(' alter table test add column Id_',DocumentsId1,' INT NULL DEFAULT 0;');
            prepare s from @stmt;
            execute s;     
        end if;
        set @stmt=concat(' update test set Id_',DocumentsId1,'=1 where name=''',Name1,''';');
        prepare s from @stmt;
        execute s;
    end if;
    UNTIL done END REPEAT;
CLOSE cur;
select * from test;
end$$

DELIMITER ;

-- --------------------------------------------------------

--
-- 表的结构 `Apriori`
--

CREATE TABLE IF NOT EXISTS `Apriori` (
  `Id` int(11) NOT NULL AUTO_INCREMENT,
  `Name` varchar(1000) DEFAULT NULL,
  PRIMARY KEY (`Id`)
) ENGINE=InnoDB  DEFAULT CHARSET=utf8 AUTO_INCREMENT=501 ;

--
-- 转存表中的数据 `Apriori`
--

INSERT INTO `Apriori` (`Id`, `Name`) VALUES
(443, ',6,7,21,'),
(444, ',6,7,22,'),
(445, ',6,7,23,'),
(446, ',6,7,26,'),
(447, ',6,7,24,'),
(448, ',6,7,25,'),
(449, ',6,7,27,'),
(450, ',6,21,22,'),
(451, ',6,21,23,'),
(452, ',6,21,26,'),
(453, ',6,22,23,'),
(454, ',6,22,26,'),
(455, ',6,23,26,'),
(456, ',6,24,25,'),
(457, ',6,24,27,'),
(458, ',6,25,27,'),
(459, ',7,21,22,'),
(460, ',7,21,23,'),
(461, ',7,21,26,'),
(462, ',7,22,23,'),
(463, ',7,22,26,'),
(464, ',7,23,26,'),
(465, ',7,24,25,'),
(466, ',7,24,27,'),
(467, ',7,25,27,'),
(468, ',21,22,23,'),
(469, ',21,22,26,'),
(470, ',21,23,26,'),
(471, ',22,23,26,'),
(472, ',24,25,27,'),
(473, ',6,7,21,22,'),
(474, ',6,7,21,23,'),
(475, ',6,7,21,26,'),
(476, ',6,7,22,23,'),
(477, ',6,7,22,26,'),
(478, ',6,7,23,26,'),
(479, ',6,7,24,25,'),
(480, ',6,7,24,27,'),
(481, ',6,7,25,27,'),
(482, ',6,21,22,23,'),
(483, ',6,21,22,26,'),
(484, ',6,21,23,26,'),
(485, ',6,22,23,26,'),
(486, ',6,24,25,27,'),
(487, ',7,21,22,23,'),
(488, ',7,21,22,26,'),
(489, ',7,21,23,26,'),
(490, ',7,22,23,26,'),
(491, ',7,24,25,27,'),
(492, ',21,22,23,26,'),
(493, ',6,7,21,22,23,'),
(494, ',6,7,21,22,26,'),
(495, ',6,7,21,23,26,'),
(496, ',6,7,22,23,26,'),
(497, ',6,7,24,25,27,'),
(498, ',6,21,22,23,26,'),
(499, ',7,21,22,23,26,'),
(500, ',6,7,21,22,23,26,');

-- --------------------------------------------------------

--
-- 表的结构 `Commentary`
--

CREATE TABLE IF NOT EXISTS `Commentary` (
  `Id` int(11) NOT NULL AUTO_INCREMENT COMMENT '唯一标识',
  `Name` varchar(32) NOT NULL COMMENT '评论人',
  `DocumentsId` int(11) NOT NULL COMMENT '被评论的文档Id',
  `OperateTime` datetime NOT NULL COMMENT '评论时间',
  `Context` text COMMENT '内容',
  `Recommendation` int(11) DEFAULT NULL COMMENT '推荐星级，值：1-10',
  `UD0` varchar(64) DEFAULT NULL,
  `UD1` varchar(64) DEFAULT NULL,
  `UD2` varchar(64) DEFAULT NULL,
  `UD3` varchar(64) DEFAULT NULL,
  `UD4` varchar(64) DEFAULT NULL,
  PRIMARY KEY (`Id`)
) ENGINE=InnoDB  DEFAULT CHARSET=utf8 COMMENT='评论表' AUTO_INCREMENT=28 ;

--
-- 转存表中的数据 `Commentary`
--

INSERT INTO `Commentary` (`Id`, `Name`, `DocumentsId`, `OperateTime`, `Context`, `Recommendation`, `UD0`, `UD1`, `UD2`, `UD3`, `UD4`) VALUES
(15, 'Up', 1, '2012-12-11 00:00:00', 'Up', NULL, NULL, NULL, NULL, NULL, NULL),
(16, 'admin', 6, '2013-01-01 00:00:00', 'sdfsdf', NULL, NULL, NULL, NULL, NULL, NULL),
(17, 'admin', 7, '2013-01-04 00:00:00', ' nbgvnvn', NULL, NULL, NULL, NULL, NULL, NULL),
(18, 'admin123', 6, '2013-01-11 00:00:00', 'ngfgffgjhhghj', NULL, NULL, NULL, NULL, NULL, NULL),
(19, 'admin', 7, '2013-02-26 00:00:00', 'gfdfgdf', NULL, NULL, NULL, NULL, NULL, NULL),
(20, 'admin', 6, '2013-02-28 00:00:00', 'gfghfghfghfgh', NULL, NULL, NULL, NULL, NULL, NULL),
(21, 'admin', 6, '2013-02-28 00:00:00', 'fghsfghdfghdfgh', NULL, NULL, NULL, NULL, NULL, NULL),
(22, 'admin', 13, '2013-02-28 00:00:00', 'fghfghfghfghf', NULL, NULL, NULL, NULL, NULL, NULL),
(23, 'admin', 7, '2013-02-28 00:00:00', 'uuuyyy', NULL, NULL, NULL, NULL, NULL, NULL),
(24, 'admin123', 8, '2013-03-03 00:00:00', 'cxvxcvxvx', NULL, NULL, NULL, NULL, NULL, NULL),
(25, 'admin123', 17, '2013-03-03 00:00:00', 'sdfsdfsdf', NULL, NULL, NULL, NULL, NULL, NULL),
(26, 'admin', 8, '2013-03-03 00:00:00', 'fvcbcvbcvbcv', NULL, NULL, NULL, NULL, NULL, NULL),
(27, 'admin123', 9, '2013-03-20 00:00:00', 'tyrtyrty', NULL, NULL, NULL, NULL, NULL, NULL);

-- --------------------------------------------------------

--
-- 表的结构 `Documents`
--

CREATE TABLE IF NOT EXISTS `Documents` (
  `Id` int(11) NOT NULL AUTO_INCREMENT COMMENT '唯一标识',
  `Name` varchar(64) NOT NULL COMMENT '文档名',
  `Author` varchar(32) DEFAULT NULL COMMENT '作者，上传人',
  `Date` datetime NOT NULL COMMENT '上传时间',
  `Contents` text COMMENT '描述',
  `Views` int(11) NOT NULL DEFAULT '0' COMMENT '浏览次数',
  `Image` varchar(64) DEFAULT NULL COMMENT '图片地址',
  `UD0` varchar(64) DEFAULT NULL,
  `UD1` varchar(64) DEFAULT NULL,
  `UD2` varchar(64) DEFAULT NULL,
  `UD3` varchar(64) DEFAULT NULL,
  `UD4` varchar(64) DEFAULT NULL,
  PRIMARY KEY (`Id`),
  UNIQUE KEY `[Name]` (`Name`)
) ENGINE=InnoDB  DEFAULT CHARSET=utf8 COMMENT='文档表' AUTO_INCREMENT=22 ;

--
-- 转存表中的数据 `Documents`
--

INSERT INTO `Documents` (`Id`, `Name`, `Author`, `Date`, `Contents`, `Views`, `Image`, `UD0`, `UD1`, `UD2`, `UD3`, `UD4`) VALUES
(6, 'kjk', 'er', '2094-12-01 00:00:00', '试设计一最简便的分析方案测定用于配 1.试设计一最简便的分析方案测定用于配 位滴定的蒸馏水中是否含有能封闭铬黑T 位滴定的蒸馏水中是否含有能封闭...', 163, '/upload/image/kjk.jpg', '/upload/file/kjk.png', NULL, NULL, NULL, NULL),
(7, '55', '22', '2012-02-05 00:00:00', 'ggfff', 103, '/upload/image/55.jpg', '/upload/file/55.jpg', NULL, NULL, NULL, NULL),
(8, 'fdf', '222', '2012-12-13 00:00:00', '222', 280, '/upload/image/fdf.jpg', '/upload/file/fdf.png', NULL, NULL, NULL, NULL),
(9, 'dddd', 'ssss', '2012-12-04 00:00:00', 'sss', 254, '', '/upload/file/dddd.png', NULL, NULL, NULL, NULL),
(10, 'gggff', 'hgkkh', '2012-12-21 00:00:00', 'cccc', 443563, '/upload/image/gggff.jpg', '', NULL, NULL, NULL, NULL),
(11, 'fsfsd', 'sdfsd', '2012-12-05 00:00:00', 'sdfsd', 2243, 'fsfsd.jpg', 'fsfsd.0', NULL, NULL, NULL, NULL),
(13, 'nnn', 'nnn', '2012-12-25 00:00:00', 'nnnn', 45364, '/upload/image/nnn.png', '/upload/file/nnn.0', NULL, NULL, NULL, NULL),
(14, 'ffddd', 'fff', '2012-11-27 00:00:00', 'fff', 51, '/upload/image/ffddd.png', '/upload/file/ffddd.0', NULL, NULL, NULL, NULL),
(15, 'fffd', 'dddf', '2012-12-12 00:00:00', 'dff', 470, '/upload/image/fffd.jpg', '/upload/file/fffd.jpg', NULL, NULL, NULL, NULL),
(16, 'nnnjh', 'nnn', '2012-12-12 00:00:00', 'mnbm', 477, '/upload/image/nnnjh.png', '/upload/file/nnnjh.0', NULL, NULL, NULL, NULL),
(17, 'dfgdf', 'dfg', '2013-01-29 00:00:00', 'dfg', 429, '/upload/image/dfgdf.jpg', '/upload/file/dfgdf.jar', NULL, NULL, NULL, NULL),
(18, 'ccc', 'asd', '2013-01-09 00:00:00', 'asd', 36, '/upload/image/ccc.jpg', '/upload/file/ccc.bak', NULL, NULL, NULL, NULL),
(19, 'dfg', 'admin123', '2013-01-15 00:00:00', 'sgsdfg', 1239, '/upload/image/dfg.jpg', '/upload/file/dfg.0', NULL, NULL, NULL, NULL),
(20, 'asd', 'asd', '2013-03-29 00:00:00', 'asd', 342, '/upload/image/asd.png', '/upload/file/asd.png', NULL, NULL, NULL, NULL),
(21, 'admin', 'xasdj', '2013-03-13 00:00:00', 'admin', 34, '/upload/image/admin.png', '/upload/file/admin.jpg', NULL, NULL, NULL, NULL);

-- --------------------------------------------------------

--
-- 表的结构 `UserLog`
--

CREATE TABLE IF NOT EXISTS `UserLog` (
  `Id` int(11) NOT NULL AUTO_INCREMENT COMMENT '唯一标识',
  `Name` varchar(32) NOT NULL COMMENT '登录名',
  `DocumentsId` int(11) DEFAULT NULL COMMENT '文档Id',
  `OperateTime` datetime NOT NULL COMMENT '操作时间',
  `Operate` varchar(128) NOT NULL COMMENT '操作描述',
  `Type` int(11) NOT NULL COMMENT '操作类型0:未定义操作1：登录日志；2：文档操作日志；3：浏览日志；4：评论日志；',
  `UD0` varchar(64) DEFAULT NULL,
  `UD1` varchar(64) DEFAULT NULL,
  `UD2` varchar(64) DEFAULT NULL,
  `UD3` varchar(64) DEFAULT NULL,
  `UD4` varchar(64) DEFAULT NULL,
  PRIMARY KEY (`Id`)
) ENGINE=InnoDB  DEFAULT CHARSET=utf8 COMMENT='用户日志表' AUTO_INCREMENT=906 ;

--
-- 转存表中的数据 `UserLog`
--

INSERT INTO `UserLog` (`Id`, `Name`, `DocumentsId`, `OperateTime`, `Operate`, `Type`, `UD0`, `UD1`, `UD2`, `UD3`, `UD4`) VALUES
(1, 'UnLogin', NULL, '2012-12-24 00:00:00', 'UnLogin??Id?6???kjk???', 2, NULL, NULL, NULL, NULL, NULL),
(2, 'UnLogin', NULL, '2012-12-27 00:00:00', 'UnLogin删除Id为7标题为55的文档', 2, NULL, NULL, NULL, NULL, NULL),
(3, 'UnLogin', NULL, '2012-12-27 00:00:00', 'UnLogin删除Id为7标题为55的文档', 2, NULL, NULL, NULL, NULL, NULL),
(4, 'UnLogin', NULL, '2012-12-27 00:00:00', 'UnLogin删除Id为7标题为55的文档', 2, NULL, NULL, NULL, NULL, NULL),
(5, 'admin', NULL, '2012-12-27 00:00:00', 'admin登录系统', 1, NULL, NULL, NULL, NULL, NULL),
(6, 'admin', NULL, '2012-12-27 00:00:00', 'admin删除Id为7标题为55的文档', 2, NULL, NULL, NULL, NULL, NULL),
(7, 'admin', NULL, '2012-12-27 00:00:00', 'admin登录系统', 1, NULL, NULL, NULL, NULL, NULL),
(8, 'admin', NULL, '2012-12-27 00:00:00', 'admin登录系统', 1, NULL, NULL, NULL, NULL, NULL),
(9, 'admin', NULL, '2012-12-28 00:00:00', 'admin登录系统', 1, NULL, NULL, NULL, NULL, NULL),
(10, 'admin', NULL, '2012-12-28 00:00:00', 'admin删除Id为7标题为55的文档', 2, NULL, NULL, NULL, NULL, NULL),
(11, 'admin', NULL, '2012-12-28 00:00:00', 'admin删除Id为12标题为hhh的文档', 2, NULL, NULL, NULL, NULL, NULL),
(12, 'admin', NULL, '2012-12-28 00:00:00', 'admin登录系统', 1, NULL, NULL, NULL, NULL, NULL),
(13, 'admin', NULL, '2012-12-28 00:00:00', 'admin登录系统', 1, NULL, NULL, NULL, NULL, NULL),
(14, 'admin', NULL, '2012-12-28 00:00:00', 'admin登录系统', 1, NULL, NULL, NULL, NULL, NULL),
(15, 'admin', NULL, '2012-12-29 00:00:00', 'admin登录系统', 1, NULL, NULL, NULL, NULL, NULL),
(16, 'admin', NULL, '2012-12-29 00:00:00', 'admin登录系统', 1, NULL, NULL, NULL, NULL, NULL),
(17, 'admin', NULL, '2012-12-29 00:00:00', 'admin登录系统', 1, NULL, NULL, NULL, NULL, NULL),
(18, 'admin', NULL, '2012-12-29 00:00:00', 'admin登录系统', 1, NULL, NULL, NULL, NULL, NULL),
(19, 'admin', NULL, '2012-12-29 00:00:00', 'admin登录系统', 1, NULL, NULL, NULL, NULL, NULL),
(20, 'admin', NULL, '2012-12-29 00:00:00', 'admin登录系统', 1, NULL, NULL, NULL, NULL, NULL),
(21, 'admin', NULL, '2012-12-29 00:00:00', 'admin登录系统', 1, NULL, NULL, NULL, NULL, NULL),
(22, 'admin', NULL, '2012-12-29 00:00:00', 'admin登录系统', 1, NULL, NULL, NULL, NULL, NULL),
(23, 'admin', NULL, '2012-12-29 00:00:00', 'admin登录系统', 1, NULL, NULL, NULL, NULL, NULL),
(24, 'admin', NULL, '2012-12-29 00:00:00', 'admin登录系统', 1, NULL, NULL, NULL, NULL, NULL),
(25, 'admin', NULL, '2012-12-29 00:00:00', 'admin登录系统', 1, NULL, NULL, NULL, NULL, NULL),
(26, 'admin', NULL, '2012-12-29 00:00:00', 'admin下载名称为fffd标题为fffd的文档', 3, NULL, NULL, NULL, NULL, NULL),
(27, 'admin', 15, '2012-12-29 00:00:00', 'admin下载名称为fffd标题为fffd的文档', 3, NULL, NULL, NULL, NULL, NULL),
(28, 'admin', 15, '2012-12-29 00:00:00', 'admin下载名称为fffd标题为fffd的文档', 3, NULL, NULL, NULL, NULL, NULL),
(29, 'admin', 15, '2012-12-29 00:00:00', 'admin下载名称为fffd标题为fffd的文档', 3, NULL, NULL, NULL, NULL, NULL),
(30, 'admin', 15, '2012-12-29 14:32:02', 'admin下载名称为fffd标题为fffd的文档', 3, NULL, NULL, NULL, NULL, NULL),
(31, 'admin', 14, '2012-12-29 14:33:10', 'admin修改名称为ffddd标题为ffddd的文档', 2, NULL, NULL, NULL, NULL, NULL),
(32, 'admin', 14, '2012-12-29 14:35:08', 'admin修改Id为14标题为ffddd的文档', 2, NULL, NULL, NULL, NULL, NULL),
(33, 'admin', NULL, '2012-12-29 21:10:39', 'admin登录系统', 1, NULL, NULL, NULL, NULL, NULL),
(34, 'admin', NULL, '2012-12-29 21:11:19', 'admin登录系统', 1, NULL, NULL, NULL, NULL, NULL),
(35, 'admin', NULL, '2012-12-29 21:13:44', 'admin登录系统', 1, NULL, NULL, NULL, NULL, NULL),
(36, 'admin', NULL, '2012-12-29 21:30:15', 'admin登录系统', 1, NULL, NULL, NULL, NULL, NULL),
(37, 'admin', NULL, '2012-12-29 21:31:17', 'admin登录系统', 1, NULL, NULL, NULL, NULL, NULL),
(38, 'admin', NULL, '2012-12-29 21:42:09', 'admin登录系统', 1, NULL, NULL, NULL, NULL, NULL),
(39, 'admin', NULL, '2012-12-29 21:55:50', 'admin登录系统', 1, NULL, NULL, NULL, NULL, NULL),
(40, 'admin', 16, '2012-12-29 21:59:19', 'admin上传Id为16标题为nnnjh的文档', 2, NULL, NULL, NULL, NULL, NULL),
(41, 'admin', 6, '2012-12-29 22:17:20', 'admin修改Id为6标题为kjk的文档', 2, NULL, NULL, NULL, NULL, NULL),
(42, 'admin', 6, '2012-12-29 22:17:34', 'admin修改Id为6标题为kjk的文档', 2, NULL, NULL, NULL, NULL, NULL),
(43, 'admin', 6, '2012-12-29 22:17:46', 'admin修改Id为6标题为kjk的文档', 2, NULL, NULL, NULL, NULL, NULL),
(44, 'admin', NULL, '2012-12-31 14:08:58', 'admin登录系统', 1, NULL, NULL, NULL, NULL, NULL),
(45, 'admin', NULL, '2012-12-31 14:09:56', 'admin登录系统', 1, NULL, NULL, NULL, NULL, NULL),
(46, 'admin', NULL, '2012-12-31 14:11:00', 'admin登录系统', 1, NULL, NULL, NULL, NULL, NULL),
(47, 'admin', NULL, '2012-12-31 14:12:41', 'admin登录系统', 1, NULL, NULL, NULL, NULL, NULL),
(48, 'admin', NULL, '2012-12-31 14:19:49', 'admin登录系统', 1, NULL, NULL, NULL, NULL, NULL),
(49, 'admin', NULL, '2012-12-31 14:42:56', 'admin登录系统', 1, NULL, NULL, NULL, NULL, NULL),
(50, 'admin', NULL, '2012-12-31 14:47:43', 'admin登录系统', 1, NULL, NULL, NULL, NULL, NULL),
(51, 'admin', NULL, '2012-12-31 14:50:27', 'admin登录系统', 1, NULL, NULL, NULL, NULL, NULL),
(52, 'admin', NULL, '2012-12-31 15:23:18', 'admin登录系统', 1, NULL, NULL, NULL, NULL, NULL),
(53, 'admin', NULL, '2012-12-31 15:25:35', 'admin登录系统', 1, NULL, NULL, NULL, NULL, NULL),
(54, 'admin', NULL, '2012-12-31 15:55:43', 'admin登录系统', 1, NULL, NULL, NULL, NULL, NULL),
(55, 'admin', NULL, '2012-12-31 16:08:06', 'admin登录系统', 1, NULL, NULL, NULL, NULL, NULL),
(56, 'admin', NULL, '2013-01-01 11:27:05', 'admin登录系统', 1, NULL, NULL, NULL, NULL, NULL),
(57, 'admin', NULL, '2013-01-01 11:29:02', 'admin登录系统', 1, NULL, NULL, NULL, NULL, NULL),
(58, 'admin', NULL, '2013-01-01 14:45:28', 'admin登录系统', 1, NULL, NULL, NULL, NULL, NULL),
(59, 'admin', NULL, '2013-01-01 14:50:39', 'admin登录系统', 1, NULL, NULL, NULL, NULL, NULL),
(60, 'admin', NULL, '2013-01-01 15:02:03', 'admin登录系统', 1, NULL, NULL, NULL, NULL, NULL),
(61, 'admin', NULL, '2013-01-01 15:07:45', 'admin登录系统', 1, NULL, NULL, NULL, NULL, NULL),
(62, 'admin', NULL, '2013-01-01 15:07:57', 'admin登录系统', 1, NULL, NULL, NULL, NULL, NULL),
(63, 'admin', NULL, '2013-01-01 15:31:17', 'admin登录系统', 1, NULL, NULL, NULL, NULL, NULL),
(64, 'admin', NULL, '2013-01-01 15:31:45', 'admin登录系统', 1, NULL, NULL, NULL, NULL, NULL),
(65, 'admin', NULL, '2013-01-01 15:32:25', 'admin登录系统', 1, NULL, NULL, NULL, NULL, NULL),
(66, 'admin', NULL, '2013-01-01 15:32:53', 'admin登录系统', 1, NULL, NULL, NULL, NULL, NULL),
(67, 'admin', NULL, '2013-01-01 16:03:47', 'admin登录系统', 1, NULL, NULL, NULL, NULL, NULL),
(68, 'admin', NULL, '2013-01-01 16:35:10', 'admin登录系统', 1, NULL, NULL, NULL, NULL, NULL),
(69, 'admin', NULL, '2013-01-01 17:01:03', 'admin登录系统', 1, NULL, NULL, NULL, NULL, NULL),
(70, 'admin', NULL, '2013-01-01 17:05:53', 'admin登录系统', 1, NULL, NULL, NULL, NULL, NULL),
(71, 'admin', NULL, '2013-01-01 17:12:33', 'admin登录系统', 1, NULL, NULL, NULL, NULL, NULL),
(72, 'admin', 6, '2013-01-01 17:17:40', 'admin修改Id为6标题为kjk的文档', 2, NULL, NULL, NULL, NULL, NULL),
(73, 'admin', NULL, '2013-01-01 17:20:08', 'admin登录系统', 1, NULL, NULL, NULL, NULL, NULL),
(74, 'admin', NULL, '2013-01-01 17:21:49', 'admin登录系统', 1, NULL, NULL, NULL, NULL, NULL),
(75, 'admin', NULL, '2013-01-01 17:24:14', 'admin登录系统', 1, NULL, NULL, NULL, NULL, NULL),
(76, 'admin', NULL, '2013-01-01 17:41:21', 'admin登录系统', 1, NULL, NULL, NULL, NULL, NULL),
(77, 'admin', NULL, '2013-01-01 18:17:57', 'admin登录系统', 1, NULL, NULL, NULL, NULL, NULL),
(78, 'admin', 14, '2013-01-01 18:19:19', 'admin删除Id为14标题为admin的评论', 5, NULL, NULL, NULL, NULL, NULL),
(79, 'admin', NULL, '2013-01-03 17:40:11', 'admin登录系统', 1, NULL, NULL, NULL, NULL, NULL),
(80, 'admin', NULL, '2013-01-03 17:44:29', 'admin登录系统', 1, NULL, NULL, NULL, NULL, NULL),
(81, 'admin', NULL, '2013-01-03 17:46:27', 'admin登录系统', 1, NULL, NULL, NULL, NULL, NULL),
(82, 'admin', NULL, '2013-01-03 17:46:39', 'admin登录系统', 1, NULL, NULL, NULL, NULL, NULL),
(83, 'admin', NULL, '2013-01-03 17:49:03', 'admin登录系统', 1, NULL, NULL, NULL, NULL, NULL),
(84, 'admin', 6, '2013-01-03 17:49:10', 'admin下载Id为6标题为kjk的文档', 3, NULL, NULL, NULL, NULL, NULL),
(85, 'admin', 6, '2013-01-03 17:49:13', 'admin修改Id为6标题为kjk的文档', 2, NULL, NULL, NULL, NULL, NULL),
(86, 'admin', 6, '2013-01-03 17:49:44', 'admin下载Id为6标题为kjk的文档', 3, NULL, NULL, NULL, NULL, NULL),
(87, 'admin', 6, '2013-01-03 17:50:14', 'admin下载Id为6标题为kjk的文档', 3, NULL, NULL, NULL, NULL, NULL),
(88, 'admin', NULL, '2013-01-03 17:51:53', 'admin登录系统', 1, NULL, NULL, NULL, NULL, NULL),
(89, 'admin', 6, '2013-01-03 17:52:00', 'admin浏览Id为6标题为kjk的文档', 4, NULL, NULL, NULL, NULL, NULL),
(90, 'admin', 6, '2013-01-03 17:52:05', 'admin修改Id为6标题为kjk的文档', 2, NULL, NULL, NULL, NULL, NULL),
(91, 'admin', NULL, '2013-01-03 17:55:36', 'admin登录系统', 1, NULL, NULL, NULL, NULL, NULL),
(92, 'admin', NULL, '2013-01-04 10:10:06', 'admin登录系统', 1, NULL, NULL, NULL, NULL, NULL),
(93, 'admin', 17, '2013-01-04 10:11:02', 'admin添加Id为17评论人为admin的评论', 5, NULL, NULL, NULL, NULL, NULL),
(94, 'admin', 17, '2013-01-04 10:12:17', 'admin上传Id为17标题为dfgdf的文档', 2, NULL, NULL, NULL, NULL, NULL),
(95, 'admin', 17, '2013-01-04 10:12:26', 'admin下载Id为17标题为dfgdf的文档', 3, NULL, NULL, NULL, NULL, NULL),
(96, '111', NULL, '2013-01-08 12:44:33', '111登录系统', 1, NULL, NULL, NULL, NULL, NULL),
(97, '111', 18, '2013-01-08 12:45:16', '111上传Id为18标题为ccc的文档', 2, NULL, NULL, NULL, NULL, NULL),
(98, '111', 7, '2013-01-08 12:45:30', '111浏览Id为7标题为55的文档', 4, NULL, NULL, NULL, NULL, NULL),
(99, '111', NULL, '2013-01-08 13:18:22', '111登录系统', 1, NULL, NULL, NULL, NULL, NULL),
(100, '111', 13, '2013-01-08 13:20:08', '111下载Id为13标题为nnn的文档', 3, NULL, NULL, NULL, NULL, NULL),
(101, '111', 8, '2013-01-08 13:21:23', '111浏览Id为8标题为fdf的文档', 4, NULL, NULL, NULL, NULL, NULL),
(102, '111', 8, '2013-01-08 13:26:48', '111浏览Id为8标题为fdf的文档', 4, NULL, NULL, NULL, NULL, NULL),
(103, '111', 6, '2013-01-08 13:26:57', '111浏览Id为6标题为kjk的文档', 4, NULL, NULL, NULL, NULL, NULL),
(104, '111', 8, '2013-01-08 13:28:06', '111浏览Id为8标题为fdf的文档', 4, NULL, NULL, NULL, NULL, NULL),
(105, '111', 8, '2013-01-08 13:28:16', '111修改Id为8标题为fdf的文档', 2, NULL, NULL, NULL, NULL, NULL),
(106, '111', 9, '2013-01-08 13:28:23', '111浏览Id为9标题为dddd的文档', 4, NULL, NULL, NULL, NULL, NULL),
(107, '111', 9, '2013-01-08 13:28:29', '111浏览Id为9标题为dddd的文档', 4, NULL, NULL, NULL, NULL, NULL),
(108, '111', 8, '2013-01-08 13:28:36', '111浏览Id为8标题为fdf的文档', 4, NULL, NULL, NULL, NULL, NULL),
(109, '111', 8, '2013-01-08 13:28:54', '111修改Id为8标题为fdf的文档', 2, NULL, NULL, NULL, NULL, NULL),
(110, '111', 8, '2013-01-08 13:29:06', '111下载Id为8标题为fdf的文档', 3, NULL, NULL, NULL, NULL, NULL),
(111, '111', 13, '2013-01-08 13:29:20', '111浏览Id为13标题为nnn的文档', 4, NULL, NULL, NULL, NULL, NULL),
(112, '111', 13, '2013-01-08 13:29:25', '111修改Id为13标题为nnn的文档', 2, NULL, NULL, NULL, NULL, NULL),
(113, '111', 15, '2013-01-08 13:29:28', '111浏览Id为15标题为fffd的文档', 4, NULL, NULL, NULL, NULL, NULL),
(114, '111', 15, '2013-01-08 13:29:32', '111修改Id为15标题为fffd的文档', 2, NULL, NULL, NULL, NULL, NULL),
(115, '111', NULL, '2013-01-08 13:47:08', '111登录系统', 1, NULL, NULL, NULL, NULL, NULL),
(116, '111', 8, '2013-01-08 13:47:14', '111下载Id为8标题为fdf的文档', 3, NULL, NULL, NULL, NULL, NULL),
(117, '111', 8, '2013-01-08 13:47:17', '111浏览Id为8标题为fdf的文档', 4, NULL, NULL, NULL, NULL, NULL),
(118, '111', 8, '2013-01-08 13:47:19', '111修改Id为8标题为fdf的文档', 2, NULL, NULL, NULL, NULL, NULL),
(119, '111', 8, '2013-01-08 13:47:23', '111下载Id为8标题为fdf的文档', 3, NULL, NULL, NULL, NULL, NULL),
(120, '111', 8, '2013-01-08 13:47:31', '111下载Id为8标题为fdf的文档', 3, NULL, NULL, NULL, NULL, NULL),
(121, '111', 16, '2013-01-08 13:48:00', '111下载Id为16标题为nnnjh的文档', 3, NULL, NULL, NULL, NULL, NULL),
(122, '111', NULL, '2013-01-08 14:31:46', '111登录系统', 1, NULL, NULL, NULL, NULL, NULL),
(123, '111', NULL, '2013-01-08 14:33:36', '111登录系统', 1, NULL, NULL, NULL, NULL, NULL),
(124, '111', NULL, '2013-01-08 14:35:19', '111登录系统', 1, NULL, NULL, NULL, NULL, NULL),
(125, 'admin', NULL, '2013-01-08 15:35:24', 'admin登录系统', 1, NULL, NULL, NULL, NULL, NULL),
(126, 'admin', NULL, '2013-01-09 18:24:24', 'admin登录系统', 1, NULL, NULL, NULL, NULL, NULL),
(127, 'admin', NULL, '2013-01-09 20:08:39', 'admin登录系统', 1, NULL, NULL, NULL, NULL, NULL),
(128, 'admin', NULL, '2013-01-10 10:58:22', 'admin登录系统', 1, NULL, NULL, NULL, NULL, NULL),
(129, 'admin', NULL, '2013-01-10 11:36:18', 'admin登录系统', 1, NULL, NULL, NULL, NULL, NULL),
(130, 'admin', NULL, '2013-01-10 11:41:04', 'admin登录系统', 1, NULL, NULL, NULL, NULL, NULL),
(131, 'admin', NULL, '2013-01-10 11:45:22', 'admin登录系统', 1, NULL, NULL, NULL, NULL, NULL),
(132, 'admin', NULL, '2013-01-10 12:03:41', 'admin登录系统', 1, NULL, NULL, NULL, NULL, NULL),
(133, 'admin', NULL, '2013-01-10 12:58:24', 'admin登录系统', 1, NULL, NULL, NULL, NULL, NULL),
(134, 'admin', NULL, '2013-01-10 13:08:32', 'admin登录系统', 1, NULL, NULL, NULL, NULL, NULL),
(135, 'admin', NULL, '2013-01-10 13:42:26', 'admin登录系统', 1, NULL, NULL, NULL, NULL, NULL),
(136, 'admin', NULL, '2013-01-10 14:05:32', 'admin登录系统', 1, NULL, NULL, NULL, NULL, NULL),
(137, 'admin', NULL, '2013-01-10 14:10:10', 'admin登录系统', 1, NULL, NULL, NULL, NULL, NULL),
(138, 'admin', NULL, '2013-01-10 19:41:10', 'admin登录系统', 1, NULL, NULL, NULL, NULL, NULL),
(139, 'admin', NULL, '2013-01-10 20:22:14', 'admin登录系统', 1, NULL, NULL, NULL, NULL, NULL),
(140, 'admin', NULL, '2013-01-10 20:22:40', 'admin登录系统', 1, NULL, NULL, NULL, NULL, NULL),
(141, 'admin', NULL, '2013-01-10 20:23:36', 'admin登录系统', 1, NULL, NULL, NULL, NULL, NULL),
(142, 'admin', NULL, '2013-01-10 20:25:04', 'admin登录系统', 1, NULL, NULL, NULL, NULL, NULL),
(143, 'admin', NULL, '2013-01-10 20:25:39', 'admin登录系统', 1, NULL, NULL, NULL, NULL, NULL),
(144, 'admin', NULL, '2013-01-10 20:26:50', 'admin登录系统', 1, NULL, NULL, NULL, NULL, NULL),
(145, 'admin', NULL, '2013-01-10 20:29:54', 'admin登录系统', 1, NULL, NULL, NULL, NULL, NULL),
(146, 'admin', NULL, '2013-01-10 20:30:23', 'admin登录系统', 1, NULL, NULL, NULL, NULL, NULL),
(147, 'admin', NULL, '2013-01-10 20:33:29', 'admin登录系统', 1, NULL, NULL, NULL, NULL, NULL),
(148, 'admin', NULL, '2013-01-10 20:33:46', 'admin登录系统', 1, NULL, NULL, NULL, NULL, NULL),
(149, 'admin', NULL, '2013-01-10 20:34:33', 'admin登录系统', 1, NULL, NULL, NULL, NULL, NULL),
(150, 'admin', NULL, '2013-01-10 20:35:00', 'admin登录系统', 1, NULL, NULL, NULL, NULL, NULL),
(151, 'admin', NULL, '2013-01-10 20:36:06', 'admin登录系统', 1, NULL, NULL, NULL, NULL, NULL),
(152, 'admin', NULL, '2013-01-10 20:37:02', 'admin登录系统', 1, NULL, NULL, NULL, NULL, NULL),
(153, 'admin', NULL, '2013-01-10 20:38:44', 'admin登录系统', 1, NULL, NULL, NULL, NULL, NULL),
(154, 'admin', NULL, '2013-01-10 20:42:24', 'admin登录系统', 1, NULL, NULL, NULL, NULL, NULL),
(155, 'admin', NULL, '2013-01-11 11:22:57', 'admin登录系统', 1, NULL, NULL, NULL, NULL, NULL),
(156, 'admin', NULL, '2013-01-11 11:23:18', 'admin登录系统', 1, NULL, NULL, NULL, NULL, NULL),
(157, 'admin', NULL, '2013-01-11 13:34:43', 'admin登录系统', 1, NULL, NULL, NULL, NULL, NULL),
(158, 'admin', NULL, '2013-01-11 13:35:41', 'admin登录系统', 1, NULL, NULL, NULL, NULL, NULL),
(159, 'admin', NULL, '2013-01-11 13:36:37', 'admin登录系统', 1, NULL, NULL, NULL, NULL, NULL),
(160, 'admin', NULL, '2013-01-11 13:37:00', 'admin登录系统', 1, NULL, NULL, NULL, NULL, NULL),
(161, 'admin', NULL, '2013-01-11 13:38:02', 'admin登录系统', 1, NULL, NULL, NULL, NULL, NULL),
(162, 'admin', NULL, '2013-01-11 13:38:33', 'admin登录系统', 1, NULL, NULL, NULL, NULL, NULL),
(163, 'admin', NULL, '2013-01-11 13:39:10', 'admin登录系统', 1, NULL, NULL, NULL, NULL, NULL),
(164, 'admin', NULL, '2013-01-11 13:51:05', 'admin登录系统', 1, NULL, NULL, NULL, NULL, NULL),
(165, 'admin', NULL, '2013-01-11 13:51:23', 'admin登录系统', 1, NULL, NULL, NULL, NULL, NULL),
(166, 'admin', NULL, '2013-01-11 13:51:30', 'admin登录系统', 1, NULL, NULL, NULL, NULL, NULL),
(167, 'admin123', NULL, '2013-01-11 13:53:19', '未定义用户登录系统', 1, NULL, NULL, NULL, NULL, NULL),
(168, 'admin123', NULL, '2013-01-11 13:54:37', '未定义用户登录系统', 1, NULL, NULL, NULL, NULL, NULL),
(169, 'admin123', NULL, '2013-01-11 14:10:26', '未定义用户登录系统', 1, NULL, NULL, NULL, NULL, NULL),
(170, 'admin123', NULL, '2013-01-11 14:13:04', '未定义用户登录系统', 1, NULL, NULL, NULL, NULL, NULL),
(171, 'admin123', NULL, '2013-01-11 14:19:58', '未定义用户登录系统', 1, NULL, NULL, NULL, NULL, NULL),
(172, 'admin123', NULL, '2013-01-11 14:32:17', '未定义用户登录系统', 1, NULL, NULL, NULL, NULL, NULL),
(173, 'admin123', 19, '2013-01-11 14:33:16', 'admin123上传Id为19标题为dfg的文档', 2, NULL, NULL, NULL, NULL, NULL),
(174, 'admin123', 19, '2013-01-11 14:33:21', 'admin123浏览Id为19标题为dfg的文档', 4, NULL, NULL, NULL, NULL, NULL),
(175, 'admin123', NULL, '2013-01-11 14:46:21', '未定义用户登录系统', 1, NULL, NULL, NULL, NULL, NULL),
(176, 'admin123', 6, '2013-01-11 14:46:35', 'admin123浏览Id为6标题为kjk的文档', 4, NULL, NULL, NULL, NULL, NULL),
(177, 'admin123', NULL, '2013-01-11 14:47:06', '未定义用户登录系统', 1, NULL, NULL, NULL, NULL, NULL),
(178, 'admin123', 6, '2013-01-11 14:47:16', 'admin123浏览Id为6标题为kjk的文档', 4, NULL, NULL, NULL, NULL, NULL),
(179, 'admin123', NULL, '2013-01-11 14:48:35', '未定义用户登录系统', 1, NULL, NULL, NULL, NULL, NULL),
(180, 'admin123', 6, '2013-01-11 14:49:23', 'admin123浏览Id为6标题为kjk的文档', 4, NULL, NULL, NULL, NULL, NULL),
(181, 'admin123', 6, '2013-01-11 14:52:04', 'admin123浏览Id为6标题为kjk的文档', 4, NULL, NULL, NULL, NULL, NULL),
(182, 'admin123', NULL, '2013-01-11 14:53:21', '未定义用户登录系统', 1, NULL, NULL, NULL, NULL, NULL),
(183, 'admin123', 7, '2013-01-11 14:53:34', 'admin123浏览Id为7标题为55的文档', 4, NULL, NULL, NULL, NULL, NULL),
(184, 'admin123', NULL, '2013-01-11 14:54:36', '未定义用户登录系统', 1, NULL, NULL, NULL, NULL, NULL),
(185, 'admin123', 6, '2013-01-11 14:54:47', 'admin123浏览Id为6标题为kjk的文档', 4, NULL, NULL, NULL, NULL, NULL),
(186, 'admin123', 8, '2013-01-11 14:56:21', 'admin123浏览Id为8标题为fdf的文档', 4, NULL, NULL, NULL, NULL, NULL),
(187, 'admin123', 19, '2013-01-11 14:57:07', 'admin123浏览Id为19标题为dfg的文档', 4, NULL, NULL, NULL, NULL, NULL),
(188, 'admin123', 18, '2013-01-11 15:03:30', 'admin123添加Id为18评论人为admin123的评论', 5, NULL, NULL, NULL, NULL, NULL),
(189, 'admin123', NULL, '2013-01-11 15:43:41', '未定义用户登录系统', 1, NULL, NULL, NULL, NULL, NULL),
(190, 'admin123', 16, '2013-01-11 15:53:16', '未定义评论日志操作', 5, NULL, NULL, NULL, NULL, NULL),
(191, 'admin', NULL, '2013-01-11 16:34:20', 'admin登录系统', 1, NULL, NULL, NULL, NULL, NULL),
(192, 'admin', NULL, '2013-01-11 17:00:58', 'admin登录系统', 1, NULL, NULL, NULL, NULL, NULL),
(193, 'admin', NULL, '2013-01-11 17:02:19', 'admin登录系统', 1, NULL, NULL, NULL, NULL, NULL),
(194, 'admin', NULL, '2013-01-11 17:07:24', 'admin登录系统', 1, NULL, NULL, NULL, NULL, NULL),
(195, 'admin', NULL, '2013-01-11 17:20:33', 'admin登录系统', 1, NULL, NULL, NULL, NULL, NULL),
(196, 'admin', NULL, '2013-01-11 19:06:26', 'admin登录系统', 1, NULL, NULL, NULL, NULL, NULL),
(197, 'admin', NULL, '2013-01-11 20:12:23', 'admin登录系统', 1, NULL, NULL, NULL, NULL, NULL),
(198, 'admin', NULL, '2013-01-11 20:31:39', 'admin登录系统', 1, NULL, NULL, NULL, NULL, NULL),
(199, 'admin', NULL, '2013-01-11 20:32:40', 'admin登录系统', 1, NULL, NULL, NULL, NULL, NULL),
(200, 'admin', NULL, '2013-01-14 10:08:21', 'admin登录系统', 1, NULL, NULL, NULL, NULL, NULL),
(201, 'admin', NULL, '2013-01-14 10:21:54', 'admin登录系统', 1, NULL, NULL, NULL, NULL, NULL),
(202, 'admin', NULL, '2013-01-14 10:31:13', 'admin登录系统', 1, NULL, NULL, NULL, NULL, NULL),
(203, 'admin', NULL, '2013-01-14 10:32:59', 'admin登录系统', 1, NULL, NULL, NULL, NULL, NULL),
(204, 'admin', NULL, '2013-01-14 11:06:59', 'admin登录系统', 1, NULL, NULL, NULL, NULL, NULL),
(205, 'admin', NULL, '2013-01-14 11:11:34', 'admin登录系统', 1, NULL, NULL, NULL, NULL, NULL),
(208, 'admin', NULL, '2012-12-23 11:19:40', 'admin登录系统', 1, NULL, NULL, NULL, NULL, NULL),
(209, 'admin', NULL, '2012-12-23 11:20:25', 'admin登录系统', 1, NULL, NULL, NULL, NULL, NULL),
(210, 'admin', NULL, '2012-12-23 11:21:06', 'admin登录系统', 1, NULL, NULL, NULL, NULL, NULL),
(211, 'admin', NULL, '2012-12-23 11:28:51', 'admin登录系统', 1, NULL, NULL, NULL, NULL, NULL),
(212, 'admin', NULL, '2012-12-23 11:29:58', 'admin登录系统', 1, NULL, NULL, NULL, NULL, NULL),
(213, 'admin', NULL, '2012-12-23 11:32:53', 'admin登录系统', 1, NULL, NULL, NULL, NULL, NULL),
(214, 'admin123', NULL, '2012-12-23 11:37:14', '未定义用户登录系统', 1, NULL, NULL, NULL, NULL, NULL),
(215, 'admin', NULL, '2012-12-23 11:38:10', 'admin登录系统', 1, NULL, NULL, NULL, NULL, NULL),
(216, 'admin123', NULL, '2012-12-23 11:38:55', '未定义用户登录系统', 1, NULL, NULL, NULL, NULL, NULL),
(217, 'admin123', 6, '2012-12-23 11:39:06', 'admin123浏览Id为6标题为kjk的文档', 4, NULL, NULL, NULL, NULL, NULL),
(218, 'admin', NULL, '2012-12-23 12:21:20', 'admin登录系统', 1, NULL, NULL, NULL, NULL, NULL),
(219, 'admin', 7, '2012-12-23 12:21:32', 'admin浏览Id为7标题为55的文档', 4, NULL, NULL, NULL, NULL, NULL),
(220, 'admin', 7, '2012-12-23 12:21:38', 'admin修改Id为7标题为55的文档', 2, NULL, NULL, NULL, NULL, NULL),
(221, 'admin', 6, '2012-12-23 12:21:59', 'admin浏览Id为6标题为kjk的文档', 4, NULL, NULL, NULL, NULL, NULL),
(222, 'admin', 6, '2012-12-23 12:22:07', 'admin修改Id为6标题为kjk的文档', 2, NULL, NULL, NULL, NULL, NULL),
(223, 'admin', 7, '2012-12-23 12:22:19', 'admin浏览Id为7标题为55的文档', 4, NULL, NULL, NULL, NULL, NULL),
(224, 'admin', 7, '2012-12-23 12:22:27', 'admin修改Id为7标题为55的文档', 2, NULL, NULL, NULL, NULL, NULL),
(225, 'admin', 6, '2012-12-23 12:23:04', 'admin浏览Id为6标题为kjk的文档', 4, NULL, NULL, NULL, NULL, NULL),
(226, 'admin', 6, '2012-12-23 12:23:07', 'admin修改Id为6标题为kjk的文档', 2, NULL, NULL, NULL, NULL, NULL),
(227, 'admin', 7, '2012-12-23 12:23:38', 'admin浏览Id为7标题为55的文档', 4, NULL, NULL, NULL, NULL, NULL),
(228, 'admin', 6, '2012-12-23 12:29:14', 'admin浏览Id为6标题为kjk的文档', 4, NULL, NULL, NULL, NULL, NULL),
(229, 'admin', 6, '2012-12-23 12:29:16', 'admin修改Id为6标题为kjk的文档', 2, NULL, NULL, NULL, NULL, NULL),
(230, 'admin', 7, '2012-12-23 12:29:21', 'admin浏览Id为7标题为55的文档', 4, NULL, NULL, NULL, NULL, NULL),
(231, 'admin', 7, '2012-12-23 12:29:23', 'admin修改Id为7标题为55的文档', 2, NULL, NULL, NULL, NULL, NULL),
(232, 'admin', 7, '2012-12-23 12:29:35', 'admin浏览Id为7标题为55的文档', 4, NULL, NULL, NULL, NULL, NULL),
(233, 'admin', 7, '2012-12-23 12:29:37', 'admin修改Id为7标题为55的文档', 2, NULL, NULL, NULL, NULL, NULL),
(234, 'admin', NULL, '2013-01-05 12:32:42', 'admin登录系统', 1, NULL, NULL, NULL, NULL, NULL),
(235, 'admin', 6, '2013-01-05 12:32:53', 'admin浏览Id为6标题为kjk的文档', 4, NULL, NULL, NULL, NULL, NULL),
(236, 'admin', 6, '2013-01-05 12:32:55', 'admin修改Id为6标题为kjk的文档', 2, NULL, NULL, NULL, NULL, NULL),
(237, 'admin', 6, '2013-01-05 12:33:25', 'admin浏览Id为6标题为kjk的文档', 4, NULL, NULL, NULL, NULL, NULL),
(238, 'admin', 6, '2013-01-05 12:33:27', 'admin修改Id为6标题为kjk的文档', 2, NULL, NULL, NULL, NULL, NULL),
(239, 'admin', 7, '2013-01-05 12:38:36', 'admin浏览Id为7标题为55的文档', 4, NULL, NULL, NULL, NULL, NULL),
(240, 'admin', 7, '2013-01-05 12:38:39', 'admin修改Id为7标题为55的文档', 2, NULL, NULL, NULL, NULL, NULL),
(241, 'admin', NULL, '2013-01-14 12:42:25', 'admin登录系统', 1, NULL, NULL, NULL, NULL, NULL),
(242, 'admin', 6, '2013-01-14 12:42:45', 'admin浏览Id为6标题为kjk的文档', 4, NULL, NULL, NULL, NULL, NULL),
(243, 'admin', 7, '2013-01-14 12:42:55', 'admin浏览Id为7标题为55的文档', 4, NULL, NULL, NULL, NULL, NULL),
(244, 'admin', 6, '2013-01-14 12:43:07', 'admin浏览Id为6标题为kjk的文档', 4, NULL, NULL, NULL, NULL, NULL),
(245, 'admin', 6, '2013-01-14 12:43:10', 'admin修改Id为6标题为kjk的文档', 2, NULL, NULL, NULL, NULL, NULL),
(246, 'admin', NULL, '2013-01-14 12:52:37', 'admin登录系统', 1, NULL, NULL, NULL, NULL, NULL),
(247, 'admin', NULL, '2013-01-14 13:22:31', 'admin登录系统', 1, NULL, NULL, NULL, NULL, NULL),
(248, 'admin', NULL, '2013-01-14 13:29:41', 'admin登录系统', 1, NULL, NULL, NULL, NULL, NULL),
(249, 'admin', 16, '2013-01-14 13:29:49', 'admin浏览Id为16标题为nnnjh的文档', 4, NULL, NULL, NULL, NULL, NULL),
(250, 'admin', 7, '2013-01-14 13:30:01', 'admin浏览Id为7标题为55的文档', 4, NULL, NULL, NULL, NULL, NULL),
(251, 'admin', NULL, '2013-01-14 13:36:04', 'admin登录系统', 1, NULL, NULL, NULL, NULL, NULL),
(252, 'admin', 8, '2013-01-14 13:37:07', 'admin浏览Id为8标题为fdf的文档', 4, NULL, NULL, NULL, NULL, NULL),
(253, 'admin123', NULL, '2013-01-14 13:37:36', '未定义用户登录系统', 1, NULL, NULL, NULL, NULL, NULL),
(254, 'admin', NULL, '2013-01-14 13:39:14', 'admin登录系统', 1, NULL, NULL, NULL, NULL, NULL),
(255, 'admin', 6, '2013-01-14 13:39:22', 'admin浏览Id为6标题为kjk的文档', 4, NULL, NULL, NULL, NULL, NULL),
(256, 'admin', 6, '2013-01-14 13:39:28', 'admin浏览Id为6标题为kjk的文档', 4, NULL, NULL, NULL, NULL, NULL),
(257, 'admin', 6, '2013-01-14 13:39:37', 'admin修改Id为6标题为kjk的文档', 2, NULL, NULL, NULL, NULL, NULL),
(258, 'admin', 6, '2013-01-14 13:39:46', 'admin浏览Id为6标题为kjk的文档', 4, NULL, NULL, NULL, NULL, NULL),
(259, 'admin', 6, '2013-01-14 13:39:52', 'admin修改Id为6标题为kjk的文档', 2, NULL, NULL, NULL, NULL, NULL),
(260, 'admin', 7, '2013-01-14 13:40:03', 'admin浏览Id为7标题为55的文档', 4, NULL, NULL, NULL, NULL, NULL),
(261, 'admin', 7, '2013-01-14 13:40:10', 'admin修改Id为7标题为55的文档', 2, NULL, NULL, NULL, NULL, NULL),
(262, 'admin', 16, '2013-01-14 13:40:19', 'admin浏览Id为16标题为nnnjh的文档', 4, NULL, NULL, NULL, NULL, NULL),
(263, 'admin', 10, '2013-01-14 13:42:05', 'admin浏览Id为10标题为gggff的文档', 4, NULL, NULL, NULL, NULL, NULL),
(264, 'admin', 9, '2013-01-14 13:44:22', 'admin浏览Id为9标题为dddd的文档', 4, NULL, NULL, NULL, NULL, NULL),
(265, 'admin123', NULL, '2013-01-14 14:00:12', '未定义用户登录系统', 1, NULL, NULL, NULL, NULL, NULL),
(266, 'admin123', 7, '2013-01-14 14:29:24', 'admin123浏览Id为7标题为55的文档', 4, NULL, NULL, NULL, NULL, NULL),
(267, 'admin123', 19, '2013-01-14 14:29:30', 'admin123浏览Id为19标题为dfg的文档', 4, NULL, NULL, NULL, NULL, NULL),
(268, 'admin', NULL, '2013-01-14 14:31:46', 'admin登录系统', 1, NULL, NULL, NULL, NULL, NULL),
(269, 'admin', NULL, '2013-02-23 09:50:24', 'admin登录系统', 1, NULL, NULL, NULL, NULL, NULL),
(270, 'admin', NULL, '2013-02-23 09:53:20', 'admin登录系统', 1, NULL, NULL, NULL, NULL, NULL),
(271, 'admin', NULL, '2013-02-23 09:53:33', 'admin登录系统', 1, NULL, NULL, NULL, NULL, NULL),
(272, 'admin', NULL, '2013-02-26 10:32:19', 'admin登录系统', 1, NULL, NULL, NULL, NULL, NULL),
(273, 'admin', NULL, '2013-02-26 11:16:35', 'admin登录系统', 1, NULL, NULL, NULL, NULL, NULL),
(274, 'admin', NULL, '2013-02-26 11:25:24', 'admin登录系统', 1, NULL, NULL, NULL, NULL, NULL),
(275, 'admin', 7, '2013-02-26 11:34:02', 'admin浏览Id为7标题为55的文档', 4, NULL, NULL, NULL, NULL, NULL),
(276, 'admin', 7, '2013-02-26 11:34:05', 'admin修改Id为7标题为55的文档', 2, NULL, NULL, NULL, NULL, NULL),
(277, 'admin', 19, '2013-02-26 11:38:24', 'admin添加Id为19评论人为admin的评论', 5, NULL, NULL, NULL, NULL, NULL),
(278, 'admin', NULL, '2013-02-26 12:20:21', 'admin登录系统', 1, NULL, NULL, NULL, NULL, NULL),
(279, 'admin', NULL, '2013-02-26 12:22:59', 'admin登录系统', 1, NULL, NULL, NULL, NULL, NULL),
(280, 'admin', 6, '2013-02-26 12:26:36', 'admin浏览Id为6标题为kjk的文档', 4, NULL, NULL, NULL, NULL, NULL),
(281, 'admin', 7, '2013-02-26 12:26:47', 'admin浏览Id为7标题为55的文档', 4, NULL, NULL, NULL, NULL, NULL),
(282, 'admin', NULL, '2013-02-26 13:14:59', 'admin登录系统', 1, NULL, NULL, NULL, NULL, NULL),
(283, 'admin', NULL, '2013-02-26 15:00:13', 'admin登录系统', 1, NULL, NULL, NULL, NULL, NULL),
(284, 'admin', NULL, '2013-02-28 10:00:36', 'admin登录系统', 1, NULL, NULL, NULL, NULL, NULL),
(285, 'admin', NULL, '2013-02-28 11:07:04', 'admin登录系统', 1, NULL, NULL, NULL, NULL, NULL),
(286, 'admin', NULL, '2013-02-28 11:20:12', 'admin登录系统', 1, NULL, NULL, NULL, NULL, NULL),
(287, 'admin', NULL, '2013-02-28 11:20:36', 'admin登录系统', 1, NULL, NULL, NULL, NULL, NULL),
(288, 'admin', NULL, '2013-02-28 13:33:28', 'admin登录系统', 1, NULL, NULL, NULL, NULL, NULL),
(289, 'admin', NULL, '2013-02-28 13:33:39', 'admin登录系统', 1, NULL, NULL, NULL, NULL, NULL),
(290, 'admin', NULL, '2013-02-28 14:14:02', 'admin登录系统', 1, NULL, NULL, NULL, NULL, NULL),
(291, 'admin', 7, '2013-02-28 14:14:58', 'admin浏览Id为7标题为55的文档', 4, NULL, NULL, NULL, NULL, NULL),
(292, 'admin', 7, '2013-02-28 14:15:04', 'admin修改Id为7标题为55的文档', 2, NULL, NULL, NULL, NULL, NULL),
(293, 'admin', NULL, '2013-02-28 14:31:51', 'admin登录系统', 1, NULL, NULL, NULL, NULL, NULL),
(294, 'admin', 20, '2013-02-28 14:34:52', 'admin添加Id为20评论人为admin的评论', 5, NULL, NULL, NULL, NULL, NULL),
(295, 'admin', 21, '2013-02-28 14:35:11', 'admin添加Id为21评论人为admin的评论', 5, NULL, NULL, NULL, NULL, NULL),
(296, 'admin', 22, '2013-02-28 14:35:43', 'admin添加Id为22评论人为admin的评论', 5, NULL, NULL, NULL, NULL, NULL),
(297, 'admin', NULL, '2013-02-28 14:41:21', 'admin登录系统', 1, NULL, NULL, NULL, NULL, NULL),
(298, 'admin', NULL, '2013-02-28 16:21:19', 'admin登录系统', 1, NULL, NULL, NULL, NULL, NULL),
(299, 'admin', 16, '2013-02-28 16:23:39', 'admin修改Id为16评论人为admin的评论', 5, NULL, NULL, NULL, NULL, NULL),
(300, 'admin', 23, '2013-02-28 16:23:51', 'admin添加Id为23评论人为admin的评论', 5, NULL, NULL, NULL, NULL, NULL),
(301, 'admin', NULL, '2013-03-02 11:50:02', 'admin登录系统', 1, NULL, NULL, NULL, NULL, NULL),
(302, 'admin', NULL, '2013-03-03 07:54:02', 'admin登录系统', 1, NULL, NULL, NULL, NULL, NULL),
(303, 'admin', NULL, '2013-03-03 08:35:16', 'admin登录系统', 1, NULL, NULL, NULL, NULL, NULL),
(304, 'admin123', NULL, '2013-03-03 08:35:43', '未定义用户登录系统', 1, NULL, NULL, NULL, NULL, NULL),
(305, 'admin123', 24, '2013-03-03 08:36:03', 'admin123添加Id为24评论人为admin123的评论', 5, NULL, NULL, NULL, NULL, NULL),
(306, 'admin123', 24, '2013-03-03 08:36:09', 'admin123修改Id为24评论人为admin123的评论', 5, NULL, NULL, NULL, NULL, NULL),
(307, 'admin123', 15, '2013-03-03 08:36:13', '未定义评论日志操作', 5, NULL, NULL, NULL, NULL, NULL),
(308, 'admin123', 16, '2013-03-03 08:36:21', '未定义评论日志操作', 5, NULL, NULL, NULL, NULL, NULL),
(309, 'admin123', 15, '2013-03-03 08:37:30', '未定义评论日志操作', 5, NULL, NULL, NULL, NULL, NULL),
(310, 'admin123', 20, '2013-03-03 08:37:35', '未定义评论日志操作', 5, NULL, NULL, NULL, NULL, NULL),
(311, 'admin123', 25, '2013-03-03 08:37:54', 'admin123添加Id为25评论人为admin123的评论', 5, NULL, NULL, NULL, NULL, NULL),
(312, 'admin', NULL, '2013-03-03 08:38:13', 'admin登录系统', 1, NULL, NULL, NULL, NULL, NULL),
(313, 'admin', 26, '2013-03-03 08:45:20', 'admin添加Id为26评论人为admin的评论', 5, NULL, NULL, NULL, NULL, NULL),
(314, 'admin', NULL, '2013-03-03 13:23:23', 'admin登录系统', 1, NULL, NULL, NULL, NULL, NULL),
(315, 'admin', NULL, '2013-03-03 13:48:46', 'admin登录系统', 1, NULL, NULL, NULL, NULL, NULL),
(316, 'admin', NULL, '2013-03-03 13:51:24', 'admin登录系统', 1, NULL, NULL, NULL, NULL, NULL),
(317, 'admin', NULL, '2013-03-03 13:54:03', 'admin登录系统', 1, NULL, NULL, NULL, NULL, NULL),
(318, 'admin', NULL, '2013-03-03 14:01:46', 'admin登录系统', 1, NULL, NULL, NULL, NULL, NULL),
(319, 'admin', NULL, '2013-03-03 14:06:16', 'admin登录系统', 1, NULL, NULL, NULL, NULL, NULL),
(320, 'admin', NULL, '2013-03-08 20:31:38', 'admin登录系统', 1, NULL, NULL, NULL, NULL, NULL),
(321, 'admin', 6, '2013-03-08 20:39:20', 'admin浏览Id为6标题为kjk的文档', 4, NULL, NULL, NULL, NULL, NULL),
(322, 'admin', 6, '2013-03-08 20:39:23', 'admin修改Id为6标题为kjk的文档', 2, NULL, NULL, NULL, NULL, NULL),
(323, 'admin', 7, '2013-03-08 20:39:25', 'admin浏览Id为7标题为55的文档', 4, NULL, NULL, NULL, NULL, NULL),
(324, 'admin', 7, '2013-03-08 20:39:27', 'admin修改Id为7标题为55的文档', 2, NULL, NULL, NULL, NULL, NULL),
(325, 'admin', 15, '2013-03-08 20:39:47', 'admin浏览Id为15标题为fffd的文档', 4, NULL, NULL, NULL, NULL, NULL),
(326, 'admin', 15, '2013-03-08 20:40:00', 'admin浏览Id为15标题为fffd的文档', 4, NULL, NULL, NULL, NULL, NULL),
(327, 'admin', 15, '2013-03-08 20:40:09', 'admin修改Id为15标题为fffd的文档', 2, NULL, NULL, NULL, NULL, NULL),
(328, 'admin', 6, '2013-03-08 20:40:19', 'admin浏览Id为6标题为kjk的文档', 4, NULL, NULL, NULL, NULL, NULL),
(329, 'admin', 6, '2013-03-08 20:40:22', 'admin修改Id为6标题为kjk的文档', 2, NULL, NULL, NULL, NULL, NULL),
(330, 'admin', 7, '2013-03-08 20:40:27', 'admin浏览Id为7标题为55的文档', 4, NULL, NULL, NULL, NULL, NULL),
(331, 'admin', 7, '2013-03-08 20:40:29', 'admin修改Id为7标题为55的文档', 2, NULL, NULL, NULL, NULL, NULL),
(332, 'admin', 16, '2013-03-08 20:40:55', 'admin浏览Id为16标题为nnnjh的文档', 4, NULL, NULL, NULL, NULL, NULL),
(333, 'admin', 16, '2013-03-08 20:41:49', 'admin修改Id为16标题为nnnjh的文档', 2, NULL, NULL, NULL, NULL, NULL),
(334, 'admin', 8, '2013-03-08 20:41:55', 'admin浏览Id为8标题为fdf的文档', 4, NULL, NULL, NULL, NULL, NULL),
(335, 'admin', 8, '2013-03-08 20:42:52', 'admin修改Id为8标题为fdf的文档', 2, NULL, NULL, NULL, NULL, NULL),
(336, 'admin', 6, '2013-03-08 20:42:58', 'admin浏览Id为6标题为kjk的文档', 4, NULL, NULL, NULL, NULL, NULL),
(337, 'admin', 6, '2013-03-08 20:43:01', 'admin修改Id为6标题为kjk的文档', 2, NULL, NULL, NULL, NULL, NULL),
(338, 'admin', 7, '2013-03-08 20:43:04', 'admin浏览Id为7标题为55的文档', 4, NULL, NULL, NULL, NULL, NULL),
(339, 'admin', 7, '2013-03-08 20:43:06', 'admin修改Id为7标题为55的文档', 2, NULL, NULL, NULL, NULL, NULL),
(340, 'admin', 8, '2013-03-08 20:51:51', 'admin浏览Id为8标题为fdf的文档', 4, NULL, NULL, NULL, NULL, NULL),
(341, 'admin', 15, '2013-03-08 20:52:10', 'admin浏览Id为15标题为fffd的文档', 4, NULL, NULL, NULL, NULL, NULL),
(342, 'admin', NULL, '2013-03-11 10:36:57', 'admin登录系统', 1, NULL, NULL, NULL, NULL, NULL),
(343, 'admin', 6, '2013-03-11 10:37:05', 'admin浏览Id为6标题为kjk的文档', 4, NULL, NULL, NULL, NULL, NULL),
(344, 'admin', 7, '2013-03-11 10:37:13', 'admin浏览Id为7标题为55的文档', 4, NULL, NULL, NULL, NULL, NULL),
(345, 'admin', 15, '2013-03-11 10:38:41', 'admin浏览Id为15标题为fffd的文档', 4, NULL, NULL, NULL, NULL, NULL),
(346, 'admin', 15, '2013-03-11 10:39:01', 'admin浏览Id为15标题为fffd的文档', 4, NULL, NULL, NULL, NULL, NULL),
(347, 'admin', NULL, '2013-03-13 08:30:13', 'admin登录系统', 1, NULL, NULL, NULL, NULL, NULL),
(348, 'admin', NULL, '2013-03-13 08:33:44', 'admin登录系统', 1, NULL, NULL, NULL, NULL, NULL),
(349, 'admin', NULL, '2013-03-13 08:38:10', 'admin登录系统', 1, NULL, NULL, NULL, NULL, NULL),
(350, 'admin', NULL, '2013-03-13 08:44:08', 'admin登录系统', 1, NULL, NULL, NULL, NULL, NULL),
(351, 'admin', NULL, '2013-03-13 08:45:29', 'admin登录系统', 1, NULL, NULL, NULL, NULL, NULL),
(352, 'admin', NULL, '2013-03-13 09:48:49', 'admin登录系统', 1, NULL, NULL, NULL, NULL, NULL),
(353, 'admin', NULL, '2013-03-13 10:00:24', 'admin登录系统', 1, NULL, NULL, NULL, NULL, NULL),
(354, 'admin', NULL, '2013-03-13 10:02:26', 'admin登录系统', 1, NULL, NULL, NULL, NULL, NULL),
(355, 'admin', NULL, '2013-03-13 10:02:59', 'admin登录系统', 1, NULL, NULL, NULL, NULL, NULL),
(356, 'admin', NULL, '2013-03-13 10:04:42', 'admin登录系统', 1, NULL, NULL, NULL, NULL, NULL),
(357, 'admin', NULL, '2013-03-13 10:05:06', 'admin登录系统', 1, NULL, NULL, NULL, NULL, NULL),
(358, 'admin', NULL, '2013-03-13 10:07:20', 'admin登录系统', 1, NULL, NULL, NULL, NULL, NULL),
(359, 'admin', NULL, '2013-03-13 10:11:56', 'admin登录系统', 1, NULL, NULL, NULL, NULL, NULL),
(360, 'admin', NULL, '2013-03-13 10:51:35', 'admin登录系统', 1, NULL, NULL, NULL, NULL, NULL),
(361, 'admin', 6, '2013-03-13 10:56:39', 'admin浏览Id为6标题为kjk的文档', 4, NULL, NULL, NULL, NULL, NULL),
(362, 'admin', 6, '2013-03-13 10:56:40', 'admin修改Id为6标题为kjk的文档', 2, NULL, NULL, NULL, NULL, NULL),
(363, 'admin', 6, '2013-03-13 10:56:43', 'admin修改Id为6标题为kjk的文档', 2, NULL, NULL, NULL, NULL, NULL),
(364, 'admin', 6, '2013-03-13 10:56:48', 'admin浏览Id为6标题为kjk的文档', 4, NULL, NULL, NULL, NULL, NULL),
(365, 'admin', 6, '2013-03-13 10:56:48', 'admin修改Id为6标题为kjk的文档', 2, NULL, NULL, NULL, NULL, NULL),
(366, 'admin', 6, '2013-03-13 10:56:51', 'admin修改Id为6标题为kjk的文档', 2, NULL, NULL, NULL, NULL, NULL),
(367, 'admin', 6, '2013-03-13 10:58:15', 'admin浏览Id为6标题为kjk的文档', 4, NULL, NULL, NULL, NULL, NULL),
(368, 'admin', 6, '2013-03-13 10:58:17', 'admin修改Id为6标题为kjk的文档', 2, NULL, NULL, NULL, NULL, NULL),
(369, 'admin', 6, '2013-03-13 10:58:20', 'admin浏览Id为6标题为kjk的文档', 4, NULL, NULL, NULL, NULL, NULL),
(370, 'admin', 6, '2013-03-13 10:58:22', 'admin修改Id为6标题为kjk的文档', 2, NULL, NULL, NULL, NULL, NULL),
(371, 'admin', NULL, '2013-03-13 11:36:03', 'admin登录系统', 1, NULL, NULL, NULL, NULL, NULL),
(372, 'admin', NULL, '2013-03-13 11:37:21', 'admin登录系统', 1, NULL, NULL, NULL, NULL, NULL),
(373, 'admin', NULL, '2013-03-13 11:37:48', 'admin登录系统', 1, NULL, NULL, NULL, NULL, NULL),
(374, 'admin', NULL, '2013-03-13 11:38:01', 'admin登录系统', 1, NULL, NULL, NULL, NULL, NULL),
(375, 'admin', NULL, '2013-03-13 11:39:00', 'admin登录系统', 1, NULL, NULL, NULL, NULL, NULL),
(376, 'admin', NULL, '2013-03-13 11:39:11', 'admin登录系统', 1, NULL, NULL, NULL, NULL, NULL),
(377, 'admin', NULL, '2013-03-13 11:39:29', 'admin登录系统', 1, NULL, NULL, NULL, NULL, NULL),
(378, 'admin', NULL, '2013-03-13 11:39:49', 'admin登录系统', 1, NULL, NULL, NULL, NULL, NULL),
(379, 'admin', NULL, '2013-03-13 11:40:12', 'admin登录系统', 1, NULL, NULL, NULL, NULL, NULL),
(380, 'admin', NULL, '2013-03-13 12:11:27', 'admin登录系统', 1, NULL, NULL, NULL, NULL, NULL),
(381, 'admin', NULL, '2013-03-13 12:12:02', 'admin登录系统', 1, NULL, NULL, NULL, NULL, NULL),
(382, 'admin123', NULL, '2013-03-13 13:07:09', '未定义用户登录系统', 1, NULL, NULL, NULL, NULL, NULL),
(383, 'admin123', NULL, '2013-03-13 13:07:30', '未定义用户登录系统', 1, NULL, NULL, NULL, NULL, NULL),
(384, 'admin123', 6, '2013-03-13 13:07:48', 'admin123浏览Id为6标题为kjk的文档', 4, NULL, NULL, NULL, NULL, NULL),
(385, 'admin123', 6, '2013-03-13 13:07:48', 'admin123修改Id为6标题为kjk的文档', 2, NULL, NULL, NULL, NULL, NULL),
(386, 'admin123', 10, '2013-03-13 13:07:58', 'admin123浏览Id为10标题为gggff的文档', 4, NULL, NULL, NULL, NULL, NULL),
(387, 'admin123', 10, '2013-03-13 13:07:59', 'admin123修改Id为10标题为gggff的文档', 2, NULL, NULL, NULL, NULL, NULL),
(388, 'admin', NULL, '2013-03-13 13:08:13', 'admin登录系统', 1, NULL, NULL, NULL, NULL, NULL),
(389, 'admin', 6, '2013-03-13 13:08:20', 'admin浏览Id为6标题为kjk的文档', 4, NULL, NULL, NULL, NULL, NULL),
(390, 'admin', 6, '2013-03-13 13:08:41', 'admin修改Id为6标题为kjk的文档', 2, NULL, NULL, NULL, NULL, NULL),
(391, 'admin', 6, '2013-03-13 13:08:45', 'admin浏览Id为6标题为kjk的文档', 4, NULL, NULL, NULL, NULL, NULL),
(392, 'admin123', NULL, '2013-03-13 13:09:00', '未定义用户登录系统', 1, NULL, NULL, NULL, NULL, NULL),
(393, 'admin123', 6, '2013-03-13 13:09:08', 'admin123浏览Id为6标题为kjk的文档', 4, NULL, NULL, NULL, NULL, NULL),
(394, 'admin123', 6, '2013-03-13 13:09:08', 'admin123浏览Id为6标题为kjk的文档', 4, NULL, NULL, NULL, NULL, NULL),
(395, 'admin123', 6, '2013-03-13 13:09:08', 'admin123修改Id为6标题为kjk的文档', 2, NULL, NULL, NULL, NULL, NULL),
(396, 'admin123', 6, '2013-03-13 13:09:09', 'admin123修改Id为6标题为kjk的文档', 2, NULL, NULL, NULL, NULL, NULL),
(397, 'admin123', 6, '2013-03-13 13:09:20', 'admin123浏览Id为6标题为kjk的文档', 4, NULL, NULL, NULL, NULL, NULL),
(398, 'admin123', 6, '2013-03-13 13:09:21', 'admin123修改Id为6标题为kjk的文档', 2, NULL, NULL, NULL, NULL, NULL),
(399, 'admin123', NULL, '2013-03-13 13:12:14', '未定义用户登录系统', 1, NULL, NULL, NULL, NULL, NULL),
(400, 'admin123', NULL, '2013-03-13 13:28:17', '未定义用户登录系统', 1, NULL, NULL, NULL, NULL, NULL),
(401, 'admin123', NULL, '2013-03-13 13:31:52', '未定义用户登录系统', 1, NULL, NULL, NULL, NULL, NULL),
(402, 'admin123', 20, '2013-03-13 13:32:21', 'admin123上传Id为20标题为asd的文档', 2, NULL, NULL, NULL, NULL, NULL),
(403, 'admin123', 15, '2013-03-13 13:35:27', 'admin123浏览Id为15标题为fffd的文档', 4, NULL, NULL, NULL, NULL, NULL),
(404, 'admin123', 15, '2013-03-13 13:35:28', 'admin123修改Id为15标题为fffd的文档', 2, NULL, NULL, NULL, NULL, NULL),
(405, 'admin123', 7, '2013-03-13 13:37:36', 'admin123浏览Id为7标题为55的文档', 4, NULL, NULL, NULL, NULL, NULL),
(406, 'admin123', 7, '2013-03-13 13:37:36', 'admin123修改Id为7标题为55的文档', 2, NULL, NULL, NULL, NULL, NULL),
(407, 'admin', NULL, '2013-03-13 13:58:28', 'admin登录系统', 1, NULL, NULL, NULL, NULL, NULL),
(408, 'admin', NULL, '2013-03-13 14:52:50', 'admin登录系统', 1, NULL, NULL, NULL, NULL, NULL),
(409, 'admin', NULL, '2013-03-13 15:40:34', 'admin登录系统', 1, NULL, NULL, NULL, NULL, NULL),
(410, 'admin', 6, '2013-03-13 15:40:42', 'admin浏览Id为6标题为kjk的文档', 4, NULL, NULL, NULL, NULL, NULL),
(411, 'admin', 7, '2013-03-13 15:40:48', 'admin浏览Id为7标题为55的文档', 4, NULL, NULL, NULL, NULL, NULL),
(412, 'admin', 7, '2013-03-13 15:41:14', 'admin浏览Id为7标题为55的文档', 4, NULL, NULL, NULL, NULL, NULL),
(413, 'admin', 8, '2013-03-13 15:41:18', 'admin浏览Id为8标题为fdf的文档', 4, NULL, NULL, NULL, NULL, NULL),
(414, 'Unknown', 6, '2013-03-13 15:43:58', 'Unknown浏览Id为6标题为kjk的文档', 4, NULL, NULL, NULL, NULL, NULL),
(415, 'Unknown', 6, '2013-03-13 15:43:58', 'Unknown浏览Id为6标题为kjk的文档', 4, NULL, NULL, NULL, NULL, NULL),
(416, 'Unknown', 6, '2013-03-13 15:44:12', 'Unknown浏览Id为6标题为kjk的文档', 4, NULL, NULL, NULL, NULL, NULL),
(417, 'Unknown', 6, '2013-03-13 15:44:49', 'Unknown浏览Id为6标题为kjk的文档', 4, NULL, NULL, NULL, NULL, NULL),
(418, 'admin', NULL, '2013-03-13 15:46:16', 'admin登录系统', 1, NULL, NULL, NULL, NULL, NULL),
(419, 'admin', 6, '2013-03-13 15:46:51', 'admin浏览Id为6标题为kjk的文档', 4, NULL, NULL, NULL, NULL, NULL),
(420, 'admin', 6, '2013-03-13 15:46:51', 'admin修改Id为6标题为kjk的文档', 2, NULL, NULL, NULL, NULL, NULL),
(421, 'admin', 9, '2013-03-13 16:14:36', 'admin浏览Id为9标题为dddd的文档', 4, NULL, NULL, NULL, NULL, NULL),
(422, 'admin', 6, '2013-03-13 16:14:44', 'admin浏览Id为6标题为kjk的文档', 4, NULL, NULL, NULL, NULL, NULL),
(423, 'admin', 11, '2013-03-13 16:14:54', 'admin浏览Id为11标题为fsfsd的文档', 4, NULL, NULL, NULL, NULL, NULL),
(424, 'admin', NULL, '2013-03-13 16:15:21', 'admin登录系统', 1, NULL, NULL, NULL, NULL, NULL),
(425, 'admin', 11, '2013-03-13 16:15:37', 'admin浏览Id为11标题为fsfsd的文档', 4, NULL, NULL, NULL, NULL, NULL),
(426, 'admin', 6, '2013-03-13 16:15:39', 'admin浏览Id为6标题为kjk的文档', 4, NULL, NULL, NULL, NULL, NULL),
(427, 'admin', 7, '2013-03-13 16:15:41', 'admin浏览Id为7标题为55的文档', 4, NULL, NULL, NULL, NULL, NULL),
(428, 'admin', 8, '2013-03-13 16:15:46', 'admin浏览Id为8标题为fdf的文档', 4, NULL, NULL, NULL, NULL, NULL),
(429, 'admin', 6, '2013-03-13 16:16:41', 'admin浏览Id为6标题为kjk的文档', 4, NULL, NULL, NULL, NULL, NULL),
(430, 'admin', 6, '2013-03-13 16:16:43', 'admin修改Id为6标题为kjk的文档', 2, NULL, NULL, NULL, NULL, NULL),
(431, 'admin', 6, '2013-03-13 16:16:48', 'admin浏览Id为6标题为kjk的文档', 4, NULL, NULL, NULL, NULL, NULL),
(432, 'admin', 6, '2013-03-13 16:16:50', 'admin修改Id为6标题为kjk的文档', 2, NULL, NULL, NULL, NULL, NULL),
(433, 'admin', 15, '2013-03-13 16:17:12', 'admin浏览Id为15标题为fffd的文档', 4, NULL, NULL, NULL, NULL, NULL),
(434, 'admin', 15, '2013-03-13 16:17:18', 'admin修改Id为15标题为fffd的文档', 2, NULL, NULL, NULL, NULL, NULL),
(435, 'admin', 6, '2013-03-13 16:17:23', 'admin浏览Id为6标题为kjk的文档', 4, NULL, NULL, NULL, NULL, NULL),
(436, 'admin', 7, '2013-03-13 16:17:25', 'admin浏览Id为7标题为55的文档', 4, NULL, NULL, NULL, NULL, NULL),
(437, 'admin', 16, '2013-03-13 16:18:42', 'admin浏览Id为16标题为nnnjh的文档', 4, NULL, NULL, NULL, NULL, NULL),
(438, 'admin', 16, '2013-03-13 16:18:43', 'admin修改Id为16标题为nnnjh的文档', 2, NULL, NULL, NULL, NULL, NULL),
(439, 'admin', 16, '2013-03-13 16:18:52', 'admin浏览Id为16标题为nnnjh的文档', 4, NULL, NULL, NULL, NULL, NULL),
(440, 'admin', 16, '2013-03-13 16:18:53', 'admin修改Id为16标题为nnnjh的文档', 2, NULL, NULL, NULL, NULL, NULL),
(441, 'admin', 7, '2013-03-13 16:18:59', 'admin浏览Id为7标题为55的文档', 4, NULL, NULL, NULL, NULL, NULL),
(442, 'admin', 7, '2013-03-13 16:20:23', 'admin浏览Id为7标题为55的文档', 4, NULL, NULL, NULL, NULL, NULL),
(443, 'admin', 6, '2013-03-13 16:20:57', 'admin浏览Id为6标题为kjk的文档', 4, NULL, NULL, NULL, NULL, NULL),
(444, 'admin', 15, '2013-03-13 16:21:06', 'admin浏览Id为15标题为fffd的文档', 4, NULL, NULL, NULL, NULL, NULL),
(445, 'admin', 15, '2013-03-13 16:21:06', 'admin修改Id为15标题为fffd的文档', 2, NULL, NULL, NULL, NULL, NULL),
(446, 'admin', 6, '2013-03-13 16:21:47', 'admin浏览Id为6标题为kjk的文档', 4, NULL, NULL, NULL, NULL, NULL),
(447, 'admin', 6, '2013-03-13 16:22:07', 'admin浏览Id为6标题为kjk的文档', 4, NULL, NULL, NULL, NULL, NULL),
(448, 'admin', 6, '2013-03-13 16:22:17', 'admin浏览Id为6标题为kjk的文档', 4, NULL, NULL, NULL, NULL, NULL),
(449, 'admin', 6, '2013-03-13 16:22:24', 'admin浏览Id为6标题为kjk的文档', 4, NULL, NULL, NULL, NULL, NULL),
(450, 'admin', 6, '2013-03-13 16:22:32', 'admin浏览Id为6标题为kjk的文档', 4, NULL, NULL, NULL, NULL, NULL),
(451, 'admin', 6, '2013-03-13 16:23:29', 'admin浏览Id为6标题为kjk的文档', 4, NULL, NULL, NULL, NULL, NULL),
(452, 'admin', 6, '2013-03-13 16:23:40', 'admin浏览Id为6标题为kjk的文档', 4, NULL, NULL, NULL, NULL, NULL),
(453, 'admin', 6, '2013-03-13 16:25:51', 'admin浏览Id为6标题为kjk的文档', 4, NULL, NULL, NULL, NULL, NULL),
(454, 'admin', 6, '2013-03-13 16:26:08', 'admin浏览Id为6标题为kjk的文档', 4, NULL, NULL, NULL, NULL, NULL),
(455, 'admin', 6, '2013-03-13 16:28:20', 'admin浏览Id为6标题为kjk的文档', 4, NULL, NULL, NULL, NULL, NULL),
(456, 'admin', 8, '2013-03-13 16:28:58', 'admin浏览Id为8标题为fdf的文档', 4, NULL, NULL, NULL, NULL, NULL),
(457, 'admin', 8, '2013-03-13 16:29:04', 'admin修改Id为8标题为fdf的文档', 2, NULL, NULL, NULL, NULL, NULL),
(458, 'admin', 6, '2013-03-13 16:29:11', 'admin浏览Id为6标题为kjk的文档', 4, NULL, NULL, NULL, NULL, NULL),
(459, 'admin', 6, '2013-03-13 16:29:16', 'admin浏览Id为6标题为kjk的文档', 4, NULL, NULL, NULL, NULL, NULL),
(460, 'admin', 7, '2013-03-13 16:29:18', 'admin浏览Id为7标题为55的文档', 4, NULL, NULL, NULL, NULL, NULL),
(461, 'admin', NULL, '2013-03-20 14:19:38', 'admin登录系统', 1, NULL, NULL, NULL, NULL, NULL),
(462, 'admin', 15, '2013-03-20 14:21:10', 'admin浏览Id为15标题为fffd的文档', 4, NULL, NULL, NULL, NULL, NULL),
(463, 'admin', 15, '2013-03-20 14:21:11', 'admin修改Id为15标题为fffd的文档', 2, NULL, NULL, NULL, NULL, NULL),
(464, 'admin', 6, '2013-03-20 14:21:47', 'admin浏览Id为6标题为kjk的文档', 4, NULL, NULL, NULL, NULL, NULL),
(465, 'admin', 6, '2013-03-20 14:21:47', 'admin修改Id为6标题为kjk的文档', 2, NULL, NULL, NULL, NULL, NULL),
(466, 'admin', 6, '2013-03-20 14:21:57', 'admin浏览Id为6标题为kjk的文档', 4, NULL, NULL, NULL, NULL, NULL),
(467, 'admin', 6, '2013-03-20 14:21:57', 'admin修改Id为6标题为kjk的文档', 2, NULL, NULL, NULL, NULL, NULL);
INSERT INTO `UserLog` (`Id`, `Name`, `DocumentsId`, `OperateTime`, `Operate`, `Type`, `UD0`, `UD1`, `UD2`, `UD3`, `UD4`) VALUES
(468, 'admin', NULL, '2013-03-20 14:22:22', 'admin登录系统', 1, NULL, NULL, NULL, NULL, NULL),
(469, 'admin', NULL, '2013-03-20 14:22:42', 'admin登录系统', 1, NULL, NULL, NULL, NULL, NULL),
(470, 'admin123', NULL, '2013-03-20 14:22:57', '未定义用户登录系统', 1, NULL, NULL, NULL, NULL, NULL),
(471, 'admin123', 27, '2013-03-20 14:23:39', 'admin123添加Id为27评论人为admin123的评论', 5, NULL, NULL, NULL, NULL, NULL),
(472, 'admin', NULL, '2013-03-20 14:24:20', 'admin登录系统', 1, NULL, NULL, NULL, NULL, NULL),
(473, 'admin', NULL, '2013-03-20 14:27:33', 'admin登录系统', 1, NULL, NULL, NULL, NULL, NULL),
(474, 'admin', NULL, '2013-03-20 14:37:00', 'admin登录系统', 1, NULL, NULL, NULL, NULL, NULL),
(475, 'admin', 10, '2013-03-20 14:41:08', 'admin浏览Id为10标题为gggff的文档', 4, NULL, NULL, NULL, NULL, NULL),
(476, 'admin', 16, '2013-03-20 14:49:55', 'admin浏览Id为16标题为nnnjh的文档', 4, NULL, NULL, NULL, NULL, NULL),
(477, 'Unknown', 11, '2013-03-20 15:01:53', 'Unknown浏览Id为11标题为fsfsd的文档', 4, NULL, NULL, NULL, NULL, NULL),
(478, 'Unknown', 10, '2013-03-20 15:01:54', 'Unknown浏览Id为10标题为gggff的文档', 4, NULL, NULL, NULL, NULL, NULL),
(479, 'admin', NULL, '2013-03-20 15:05:07', 'admin登录系统', 1, NULL, NULL, NULL, NULL, NULL),
(480, 'admin', 16, '2013-03-20 15:06:57', 'admin浏览Id为16标题为nnnjh的文档', 4, NULL, NULL, NULL, NULL, NULL),
(481, 'admin', NULL, '2013-03-20 15:10:33', 'admin登录系统', 1, NULL, NULL, NULL, NULL, NULL),
(482, 'admin', 6, '2013-03-20 15:13:33', 'admin浏览Id为6标题为kjk的文档', 4, NULL, NULL, NULL, NULL, NULL),
(483, 'admin', 7, '2013-03-20 15:13:36', 'admin浏览Id为7标题为55的文档', 4, NULL, NULL, NULL, NULL, NULL),
(484, 'admin', 15, '2013-03-20 15:13:47', 'admin浏览Id为15标题为fffd的文档', 4, NULL, NULL, NULL, NULL, NULL),
(485, 'admin', 15, '2013-03-20 15:13:49', 'admin修改Id为15标题为fffd的文档', 2, NULL, NULL, NULL, NULL, NULL),
(486, 'admin', 16, '2013-03-20 15:14:38', 'admin浏览Id为16标题为nnnjh的文档', 4, NULL, NULL, NULL, NULL, NULL),
(487, 'admin', 16, '2013-03-20 15:14:38', 'admin修改Id为16标题为nnnjh的文档', 2, NULL, NULL, NULL, NULL, NULL),
(488, 'admin', 16, '2013-03-20 15:15:24', 'admin浏览Id为16标题为nnnjh的文档', 4, NULL, NULL, NULL, NULL, NULL),
(489, 'admin', 16, '2013-03-20 15:15:45', 'admin修改Id为16标题为nnnjh的文档', 2, NULL, NULL, NULL, NULL, NULL),
(490, 'admin', 7, '2013-03-20 15:21:51', 'admin浏览Id为7标题为55的文档', 4, NULL, NULL, NULL, NULL, NULL),
(491, 'admin', 7, '2013-03-20 15:22:37', 'admin浏览Id为7标题为55的文档', 4, NULL, NULL, NULL, NULL, NULL),
(492, 'admin', 7, '2013-03-20 15:22:39', 'admin浏览Id为7标题为55的文档', 4, NULL, NULL, NULL, NULL, NULL),
(493, 'admin', 7, '2013-03-20 15:22:40', 'admin浏览Id为7标题为55的文档', 4, NULL, NULL, NULL, NULL, NULL),
(494, 'admin', 7, '2013-03-20 15:22:44', 'admin浏览Id为7标题为55的文档', 4, NULL, NULL, NULL, NULL, NULL),
(495, 'Unknown', 7, '2013-03-20 15:24:11', 'Unknown浏览Id为7标题为55的文档', 4, NULL, NULL, NULL, NULL, NULL),
(496, 'admin', NULL, '2013-03-20 15:24:23', 'admin登录系统', 1, NULL, NULL, NULL, NULL, NULL),
(497, 'admin', 7, '2013-03-20 15:25:20', 'admin浏览Id为7标题为55的文档', 4, NULL, NULL, NULL, NULL, NULL),
(498, 'admin', NULL, '2013-03-20 15:27:11', 'admin登录系统', 1, NULL, NULL, NULL, NULL, NULL),
(499, 'admin', NULL, '2013-03-20 15:33:02', 'admin登录系统', 1, NULL, NULL, NULL, NULL, NULL),
(500, 'admin', NULL, '2013-03-20 15:34:10', 'admin登录系统', 1, NULL, NULL, NULL, NULL, NULL),
(501, 'admin', NULL, '2013-03-20 15:34:23', 'admin登录系统', 1, NULL, NULL, NULL, NULL, NULL),
(502, 'admin123', NULL, '2013-03-20 15:34:31', '未定义用户登录系统', 1, NULL, NULL, NULL, NULL, NULL),
(503, 'admin', NULL, '2013-03-20 15:35:12', 'admin登录系统', 1, NULL, NULL, NULL, NULL, NULL),
(504, 'admin', 20, '2013-03-20 15:35:45', 'admin浏览Id为20标题为asd的文档', 4, NULL, NULL, NULL, NULL, NULL),
(505, 'Unknown', 20, '2013-03-20 16:12:19', 'Unknown浏览Id为20标题为asd的文档', 4, NULL, NULL, NULL, NULL, NULL),
(506, 'admin', NULL, '2013-03-20 16:12:43', 'admin登录系统', 1, NULL, NULL, NULL, NULL, NULL),
(507, 'admin', 10, '2013-03-20 16:12:52', 'admin浏览Id为10标题为gggff的文档', 4, NULL, NULL, NULL, NULL, NULL),
(508, 'admin', 10, '2013-03-20 16:12:52', 'admin修改Id为10标题为gggff的文档', 2, NULL, NULL, NULL, NULL, NULL),
(509, 'admin', 7, '2013-03-20 16:13:26', 'admin浏览Id为7标题为55的文档', 4, NULL, NULL, NULL, NULL, NULL),
(510, 'admin', 7, '2013-03-20 16:13:26', 'admin修改Id为7标题为55的文档', 2, NULL, NULL, NULL, NULL, NULL),
(511, 'admin', NULL, '2013-03-20 16:14:45', 'admin登录系统', 1, NULL, NULL, NULL, NULL, NULL),
(512, 'admin', 8, '2013-03-20 16:14:54', 'admin浏览Id为8标题为fdf的文档', 4, NULL, NULL, NULL, NULL, NULL),
(513, 'admin', 8, '2013-03-20 16:14:54', 'admin修改Id为8标题为fdf的文档', 2, NULL, NULL, NULL, NULL, NULL),
(514, 'admin', 6, '2013-03-20 16:15:41', 'admin浏览Id为6标题为kjk的文档', 4, NULL, NULL, NULL, NULL, NULL),
(515, 'admin', 6, '2013-03-20 16:15:41', 'admin修改Id为6标题为kjk的文档', 2, NULL, NULL, NULL, NULL, NULL),
(516, 'admin', 7, '2013-03-20 16:15:44', 'admin浏览Id为7标题为55的文档', 4, NULL, NULL, NULL, NULL, NULL),
(517, 'admin', 7, '2013-03-20 16:15:45', 'admin修改Id为7标题为55的文档', 2, NULL, NULL, NULL, NULL, NULL),
(518, 'admin', 15, '2013-03-20 16:15:50', 'admin浏览Id为15标题为fffd的文档', 4, NULL, NULL, NULL, NULL, NULL),
(519, 'admin', 15, '2013-03-20 16:15:51', 'admin修改Id为15标题为fffd的文档', 2, NULL, NULL, NULL, NULL, NULL),
(520, 'admin', 15, '2013-03-20 16:16:18', 'admin浏览Id为15标题为fffd的文档', 4, NULL, NULL, NULL, NULL, NULL),
(521, 'admin', 15, '2013-03-20 16:16:18', 'admin修改Id为15标题为fffd的文档', 2, NULL, NULL, NULL, NULL, NULL),
(522, 'admin', 15, '2013-03-20 16:16:39', 'admin浏览Id为15标题为fffd的文档', 4, NULL, NULL, NULL, NULL, NULL),
(523, 'admin', 15, '2013-03-20 16:16:39', 'admin修改Id为15标题为fffd的文档', 2, NULL, NULL, NULL, NULL, NULL),
(524, 'admin', NULL, '2013-03-20 16:17:10', 'admin登录系统', 1, NULL, NULL, NULL, NULL, NULL),
(525, 'admin', 6, '2013-03-20 16:17:28', 'admin浏览Id为6标题为kjk的文档', 4, NULL, NULL, NULL, NULL, NULL),
(526, 'admin', 6, '2013-03-20 16:17:29', 'admin修改Id为6标题为kjk的文档', 2, NULL, NULL, NULL, NULL, NULL),
(527, 'admin', 6, '2013-03-20 16:17:50', 'admin浏览Id为6标题为kjk的文档', 4, NULL, NULL, NULL, NULL, NULL),
(528, 'admin', 6, '2013-03-20 16:17:50', 'admin修改Id为6标题为kjk的文档', 2, NULL, NULL, NULL, NULL, NULL),
(529, 'admin', NULL, '2013-03-20 16:18:07', 'admin文档为null', 0, NULL, NULL, NULL, NULL, NULL),
(530, 'admin', 16, '2013-03-20 16:21:41', 'admin浏览Id为16标题为nnnjh的文档', 4, NULL, NULL, NULL, NULL, NULL),
(531, 'admin', 16, '2013-03-20 16:21:41', 'admin修改Id为16标题为nnnjh的文档', 2, NULL, NULL, NULL, NULL, NULL),
(532, 'admin', NULL, '2013-03-20 16:21:56', 'admin文档为null', 0, NULL, NULL, NULL, NULL, NULL),
(533, 'admin', 16, '2013-03-20 16:22:38', 'admin浏览Id为16标题为nnnjh的文档', 4, NULL, NULL, NULL, NULL, NULL),
(534, 'admin', 16, '2013-03-20 16:22:39', 'admin修改Id为16标题为nnnjh的文档', 2, NULL, NULL, NULL, NULL, NULL),
(535, 'admin', 16, '2013-03-20 16:23:10', 'admin浏览Id为16标题为nnnjh的文档', 4, NULL, NULL, NULL, NULL, NULL),
(536, 'admin', 16, '2013-03-20 16:23:10', 'admin修改Id为16标题为nnnjh的文档', 2, NULL, NULL, NULL, NULL, NULL),
(537, 'admin', NULL, '2013-03-20 16:23:21', 'admin文档为null', 0, NULL, NULL, NULL, NULL, NULL),
(538, 'admin', NULL, '2013-03-20 16:23:52', 'admin登录系统', 1, NULL, NULL, NULL, NULL, NULL),
(539, 'admin', 7, '2013-03-20 16:25:57', 'admin浏览Id为7标题为55的文档', 4, NULL, NULL, NULL, NULL, NULL),
(540, 'admin', 7, '2013-03-20 16:25:57', 'admin修改Id为7标题为55的文档', 2, NULL, NULL, NULL, NULL, NULL),
(541, 'admin', NULL, '2013-03-20 16:26:11', 'admin文档为null', 0, NULL, NULL, NULL, NULL, NULL),
(542, 'admin', NULL, '2013-03-20 16:28:23', 'admin登录系统', 1, NULL, NULL, NULL, NULL, NULL),
(543, 'admin', 6, '2013-03-20 16:28:33', 'admin浏览Id为6标题为kjk的文档', 4, NULL, NULL, NULL, NULL, NULL),
(544, 'admin', 6, '2013-03-20 16:28:36', 'admin修改Id为6标题为kjk的文档', 2, NULL, NULL, NULL, NULL, NULL),
(545, 'admin', NULL, '2013-03-20 16:29:28', 'admin登录系统', 1, NULL, NULL, NULL, NULL, NULL),
(546, 'admin', 10, '2013-03-20 16:29:37', 'admin浏览Id为10标题为gggff的文档', 4, NULL, NULL, NULL, NULL, NULL),
(547, 'admin', 10, '2013-03-20 16:29:38', 'admin修改Id为10标题为gggff的文档', 2, NULL, NULL, NULL, NULL, NULL),
(548, 'admin', 9, '2013-03-20 16:30:43', 'admin浏览Id为9标题为dddd的文档', 4, NULL, NULL, NULL, NULL, NULL),
(549, 'admin', 9, '2013-03-20 16:30:44', 'admin修改Id为9标题为dddd的文档', 2, NULL, NULL, NULL, NULL, NULL),
(550, 'admin', 10, '2013-03-20 16:32:47', 'admin浏览Id为10标题为gggff的文档', 4, NULL, NULL, NULL, NULL, NULL),
(551, 'admin', 10, '2013-03-20 16:32:47', 'admin修改Id为10标题为gggff的文档', 2, NULL, NULL, NULL, NULL, NULL),
(552, 'admin', 11, '2013-03-20 16:34:05', 'admin浏览Id为11标题为fsfsd的文档', 4, NULL, NULL, NULL, NULL, NULL),
(553, 'admin', 11, '2013-03-20 16:34:05', 'admin修改Id为11标题为fsfsd的文档', 2, NULL, NULL, NULL, NULL, NULL),
(554, 'admin', NULL, '2013-03-20 16:34:31', 'admin登录系统', 1, NULL, NULL, NULL, NULL, NULL),
(555, 'admin123', NULL, '2013-03-20 16:34:56', '未定义用户登录系统', 1, NULL, NULL, NULL, NULL, NULL),
(556, 'admin123', 8, '2013-03-20 16:35:07', 'admin123浏览Id为8标题为fdf的文档', 4, NULL, NULL, NULL, NULL, NULL),
(557, 'admin123', 8, '2013-03-20 16:35:08', 'admin123修改Id为8标题为fdf的文档', 2, NULL, NULL, NULL, NULL, NULL),
(558, 'admin123', 9, '2013-03-20 16:36:10', 'admin123浏览Id为9标题为dddd的文档', 4, NULL, NULL, NULL, NULL, NULL),
(559, 'admin123', 9, '2013-03-20 16:36:11', 'admin123修改Id为9标题为dddd的文档', 2, NULL, NULL, NULL, NULL, NULL),
(560, 'admin123', 6, '2013-03-20 16:36:23', 'admin123浏览Id为6标题为kjk的文档', 4, NULL, NULL, NULL, NULL, NULL),
(561, 'admin123', 6, '2013-03-20 16:36:23', 'admin123修改Id为6标题为kjk的文档', 2, NULL, NULL, NULL, NULL, NULL),
(562, 'admin123', 7, '2013-03-20 16:36:27', 'admin123浏览Id为7标题为55的文档', 4, NULL, NULL, NULL, NULL, NULL),
(563, 'admin123', 7, '2013-03-20 16:36:28', 'admin123修改Id为7标题为55的文档', 2, NULL, NULL, NULL, NULL, NULL),
(564, 'admin123', 15, '2013-03-20 16:36:31', 'admin123浏览Id为15标题为fffd的文档', 4, NULL, NULL, NULL, NULL, NULL),
(565, 'admin123', 15, '2013-03-20 16:36:32', 'admin123修改Id为15标题为fffd的文档', 2, NULL, NULL, NULL, NULL, NULL),
(566, 'admin123', 6, '2013-03-20 16:41:14', 'admin123浏览Id为6标题为kjk的文档', 4, NULL, NULL, NULL, NULL, NULL),
(567, 'admin123', 6, '2013-03-20 16:41:15', 'admin123修改Id为6标题为kjk的文档', 2, NULL, NULL, NULL, NULL, NULL),
(568, 'admin123', 7, '2013-03-20 16:41:21', 'admin123浏览Id为7标题为55的文档', 4, NULL, NULL, NULL, NULL, NULL),
(569, 'admin123', 7, '2013-03-20 16:41:22', 'admin123修改Id为7标题为55的文档', 2, NULL, NULL, NULL, NULL, NULL),
(570, 'admin123', 13, '2013-03-20 16:41:29', 'admin123浏览Id为13标题为nnn的文档', 4, NULL, NULL, NULL, NULL, NULL),
(571, 'admin123', 13, '2013-03-20 16:41:30', 'admin123修改Id为13标题为nnn的文档', 2, NULL, NULL, NULL, NULL, NULL),
(572, 'admin123', 8, '2013-03-20 16:41:36', 'admin123浏览Id为8标题为fdf的文档', 4, NULL, NULL, NULL, NULL, NULL),
(573, 'admin123', 8, '2013-03-20 16:41:37', 'admin123修改Id为8标题为fdf的文档', 2, NULL, NULL, NULL, NULL, NULL),
(574, 'admin123', 19, '2013-03-20 16:41:44', '未定义评论日志操作', 5, NULL, NULL, NULL, NULL, NULL),
(575, 'admin', NULL, '2013-03-21 15:28:37', 'admin登录系统', 1, NULL, NULL, NULL, NULL, NULL),
(576, 'admin', 6, '2013-03-21 15:28:43', 'admin浏览Id为6标题为kjk的文档', 4, NULL, NULL, NULL, NULL, NULL),
(577, 'admin', 6, '2013-03-21 15:28:44', 'admin修改Id为6标题为kjk的文档', 2, NULL, NULL, NULL, NULL, NULL),
(578, 'admin', 7, '2013-03-21 15:28:49', 'admin浏览Id为7标题为55的文档', 4, NULL, NULL, NULL, NULL, NULL),
(579, 'admin', 7, '2013-03-21 15:28:49', 'admin修改Id为7标题为55的文档', 2, NULL, NULL, NULL, NULL, NULL),
(580, 'admin', NULL, '2013-03-21 15:29:25', 'admin登录系统', 1, NULL, NULL, NULL, NULL, NULL),
(581, 'admin', 6, '2013-03-21 15:29:31', 'admin浏览Id为6标题为kjk的文档', 4, NULL, NULL, NULL, NULL, NULL),
(582, 'admin', 6, '2013-03-21 15:33:55', 'admin修改Id为6标题为kjk的文档', 2, NULL, NULL, NULL, NULL, NULL),
(583, 'admin', 6, '2013-03-21 15:35:39', 'admin浏览Id为6标题为kjk的文档', 4, NULL, NULL, NULL, NULL, NULL),
(584, 'admin', NULL, '2013-03-21 15:37:19', 'admin登录系统', 1, NULL, NULL, NULL, NULL, NULL),
(585, 'admin', 6, '2013-03-21 15:37:25', 'admin浏览Id为6标题为kjk的文档', 4, NULL, NULL, NULL, NULL, NULL),
(586, 'admin', 6, '2013-03-21 15:37:30', 'admin修改Id为6标题为kjk的文档', 2, NULL, NULL, NULL, NULL, NULL),
(587, 'admin', 7, '2013-03-21 15:37:33', 'admin浏览Id为7标题为55的文档', 4, NULL, NULL, NULL, NULL, NULL),
(588, 'admin', 7, '2013-03-21 15:37:41', 'admin修改Id为7标题为55的文档', 2, NULL, NULL, NULL, NULL, NULL),
(589, 'admin', 8, '2013-03-21 15:37:48', 'admin浏览Id为8标题为fdf的文档', 4, NULL, NULL, NULL, NULL, NULL),
(590, 'admin', 8, '2013-03-21 15:37:54', 'admin修改Id为8标题为fdf的文档', 2, NULL, NULL, NULL, NULL, NULL),
(591, 'admin', 10, '2013-03-21 15:37:59', 'admin浏览Id为10标题为gggff的文档', 4, NULL, NULL, NULL, NULL, NULL),
(592, 'admin', 10, '2013-03-21 15:38:07', 'admin修改Id为10标题为gggff的文档', 2, NULL, NULL, NULL, NULL, NULL),
(593, 'admin', 13, '2013-03-21 15:38:12', 'admin浏览Id为13标题为nnn的文档', 4, NULL, NULL, NULL, NULL, NULL),
(594, 'admin', 13, '2013-03-21 15:38:23', 'admin修改Id为13标题为nnn的文档', 2, NULL, NULL, NULL, NULL, NULL),
(595, 'admin', 13, '2013-03-21 15:38:29', 'admin浏览Id为13标题为nnn的文档', 4, NULL, NULL, NULL, NULL, NULL),
(596, 'admin', 13, '2013-03-21 15:38:31', 'admin修改Id为13标题为nnn的文档', 2, NULL, NULL, NULL, NULL, NULL),
(597, 'admin', 13, '2013-03-21 15:38:33', 'admin浏览Id为13标题为nnn的文档', 4, NULL, NULL, NULL, NULL, NULL),
(598, 'admin', 13, '2013-03-21 15:38:35', 'admin修改Id为13标题为nnn的文档', 2, NULL, NULL, NULL, NULL, NULL),
(599, 'admin', 10, '2013-03-21 15:38:37', 'admin浏览Id为10标题为gggff的文档', 4, NULL, NULL, NULL, NULL, NULL),
(600, 'admin', 10, '2013-03-21 15:38:40', 'admin修改Id为10标题为gggff的文档', 2, NULL, NULL, NULL, NULL, NULL),
(601, 'admin', 7, '2013-03-21 15:38:42', 'admin浏览Id为7标题为55的文档', 4, NULL, NULL, NULL, NULL, NULL),
(602, 'admin', 7, '2013-03-21 15:38:44', 'admin修改Id为7标题为55的文档', 2, NULL, NULL, NULL, NULL, NULL),
(603, 'admin', 14, '2013-03-21 15:38:49', 'admin浏览Id为14标题为ffddd的文档', 4, NULL, NULL, NULL, NULL, NULL),
(604, 'admin', 14, '2013-03-21 15:38:55', 'admin修改Id为14标题为ffddd的文档', 2, NULL, NULL, NULL, NULL, NULL),
(605, 'admin', 7, '2013-03-21 15:38:58', 'admin浏览Id为7标题为55的文档', 4, NULL, NULL, NULL, NULL, NULL),
(606, 'admin', 7, '2013-03-21 15:39:02', 'admin修改Id为7标题为55的文档', 2, NULL, NULL, NULL, NULL, NULL),
(607, 'admin', 13, '2013-03-21 15:39:06', 'admin浏览Id为13标题为nnn的文档', 4, NULL, NULL, NULL, NULL, NULL),
(608, 'admin', 13, '2013-03-21 15:39:10', 'admin修改Id为13标题为nnn的文档', 2, NULL, NULL, NULL, NULL, NULL),
(609, 'admin', 20, '2013-03-21 15:39:15', 'admin浏览Id为20标题为asd的文档', 4, NULL, NULL, NULL, NULL, NULL),
(610, 'admin', 20, '2013-03-21 15:39:20', 'admin修改Id为20标题为asd的文档', 2, NULL, NULL, NULL, NULL, NULL),
(611, 'admin', 18, '2013-03-21 15:39:27', 'admin浏览Id为18标题为ccc的文档', 4, NULL, NULL, NULL, NULL, NULL),
(612, 'admin', 18, '2013-03-21 15:39:32', 'admin修改Id为18标题为ccc的文档', 2, NULL, NULL, NULL, NULL, NULL),
(613, 'admin', 16, '2013-03-21 15:39:37', 'admin浏览Id为16标题为nnnjh的文档', 4, NULL, NULL, NULL, NULL, NULL),
(614, 'admin', 16, '2013-03-21 15:39:43', 'admin修改Id为16标题为nnnjh的文档', 2, NULL, NULL, NULL, NULL, NULL),
(615, 'admin', 15, '2013-03-21 15:39:51', 'admin浏览Id为15标题为fffd的文档', 4, NULL, NULL, NULL, NULL, NULL),
(616, 'admin', 15, '2013-03-21 15:39:59', 'admin修改Id为15标题为fffd的文档', 2, NULL, NULL, NULL, NULL, NULL),
(617, 'admin', 6, '2013-03-21 15:40:11', 'admin浏览Id为6标题为kjk的文档', 4, NULL, NULL, NULL, NULL, NULL),
(618, 'admin', 6, '2013-03-21 15:40:11', 'admin修改Id为6标题为kjk的文档', 2, NULL, NULL, NULL, NULL, NULL),
(619, 'admin', 7, '2013-03-21 15:40:15', 'admin浏览Id为7标题为55的文档', 4, NULL, NULL, NULL, NULL, NULL),
(620, 'admin', 7, '2013-03-21 15:40:15', 'admin修改Id为7标题为55的文档', 2, NULL, NULL, NULL, NULL, NULL),
(621, 'admin', 6, '2013-03-21 15:40:23', 'admin浏览Id为6标题为kjk的文档', 4, NULL, NULL, NULL, NULL, NULL),
(622, 'admin', 6, '2013-03-21 15:40:23', 'admin修改Id为6标题为kjk的文档', 2, NULL, NULL, NULL, NULL, NULL),
(623, 'admin', 13, '2013-03-21 15:40:29', 'admin浏览Id为13标题为nnn的文档', 4, NULL, NULL, NULL, NULL, NULL),
(624, 'admin', 13, '2013-03-21 15:40:29', 'admin修改Id为13标题为nnn的文档', 2, NULL, NULL, NULL, NULL, NULL),
(625, 'admin', 8, '2013-03-21 15:40:39', 'admin浏览Id为8标题为fdf的文档', 4, NULL, NULL, NULL, NULL, NULL),
(626, 'admin', 8, '2013-03-21 15:40:40', 'admin修改Id为8标题为fdf的文档', 2, NULL, NULL, NULL, NULL, NULL),
(627, 'admin', NULL, '2013-03-21 15:45:36', 'admin登录系统', 1, NULL, NULL, NULL, NULL, NULL),
(628, 'admin', 6, '2013-03-21 15:45:44', 'admin浏览Id为6标题为kjk的文档', 4, NULL, NULL, NULL, NULL, NULL),
(629, 'admin', 6, '2013-03-21 15:45:44', 'admin修改Id为6标题为kjk的文档', 2, NULL, NULL, NULL, NULL, NULL),
(630, 'admin', 7, '2013-03-21 15:53:25', 'admin浏览Id为7标题为55的文档', 4, NULL, NULL, NULL, NULL, NULL),
(631, 'admin', 7, '2013-03-21 15:53:26', 'admin修改Id为7标题为55的文档', 2, NULL, NULL, NULL, NULL, NULL),
(632, 'admin', 7, '2013-03-21 15:53:35', 'admin浏览Id为7标题为55的文档', 4, NULL, NULL, NULL, NULL, NULL),
(633, 'admin', 7, '2013-03-21 15:53:36', 'admin修改Id为7标题为55的文档', 2, NULL, NULL, NULL, NULL, NULL),
(634, 'admin', 10, '2013-03-21 15:54:16', 'admin浏览Id为10标题为gggff的文档', 4, NULL, NULL, NULL, NULL, NULL),
(635, 'admin', 10, '2013-03-21 15:54:17', 'admin修改Id为10标题为gggff的文档', 2, NULL, NULL, NULL, NULL, NULL),
(636, 'admin', 6, '2013-03-21 15:55:50', 'admin浏览Id为6标题为kjk的文档', 4, NULL, NULL, NULL, NULL, NULL),
(637, 'admin', 6, '2013-03-21 15:55:51', 'admin修改Id为6标题为kjk的文档', 2, NULL, NULL, NULL, NULL, NULL),
(638, 'admin', NULL, '2013-03-21 15:56:23', 'admin登录系统', 1, NULL, NULL, NULL, NULL, NULL),
(639, 'admin', 6, '2013-03-21 15:56:28', 'admin浏览Id为6标题为kjk的文档', 4, NULL, NULL, NULL, NULL, NULL),
(640, 'admin', 6, '2013-03-21 15:56:28', 'admin修改Id为6标题为kjk的文档', 2, NULL, NULL, NULL, NULL, NULL),
(641, 'admin', 7, '2013-03-21 15:58:38', 'admin浏览Id为7标题为55的文档', 4, NULL, NULL, NULL, NULL, NULL),
(642, 'admin', 7, '2013-03-21 15:58:39', 'admin修改Id为7标题为55的文档', 2, NULL, NULL, NULL, NULL, NULL),
(643, 'admin', 7, '2013-03-21 15:58:57', 'admin浏览Id为7标题为55的文档', 4, NULL, NULL, NULL, NULL, NULL),
(644, 'admin', 7, '2013-03-21 15:58:57', 'admin修改Id为7标题为55的文档', 2, NULL, NULL, NULL, NULL, NULL),
(645, 'admin', NULL, '2013-03-21 16:01:56', 'admin登录系统', 1, NULL, NULL, NULL, NULL, NULL),
(646, 'admin', 7, '2013-03-21 16:02:01', 'admin浏览Id为7标题为55的文档', 4, NULL, NULL, NULL, NULL, NULL),
(647, 'admin', 7, '2013-03-21 16:02:01', 'admin修改Id为7标题为55的文档', 2, NULL, NULL, NULL, NULL, NULL),
(648, 'admin', 7, '2013-03-21 16:02:31', 'admin浏览Id为7标题为55的文档', 4, NULL, NULL, NULL, NULL, NULL),
(649, 'admin', 7, '2013-03-21 16:02:31', 'admin修改Id为7标题为55的文档', 2, NULL, NULL, NULL, NULL, NULL),
(650, 'admin', NULL, '2013-03-21 16:03:09', 'admin登录系统', 1, NULL, NULL, NULL, NULL, NULL),
(651, 'admin', 6, '2013-03-21 16:03:39', 'admin浏览Id为6标题为kjk的文档', 4, NULL, NULL, NULL, NULL, NULL),
(652, 'admin', 6, '2013-03-21 16:03:39', 'admin修改Id为6标题为kjk的文档', 2, NULL, NULL, NULL, NULL, NULL),
(653, 'admin', NULL, '2013-03-21 16:07:02', 'admin登录系统', 1, NULL, NULL, NULL, NULL, NULL),
(654, 'admin', 9, '2013-03-21 16:07:10', 'admin浏览Id为9标题为dddd的文档', 4, NULL, NULL, NULL, NULL, NULL),
(655, 'admin', 9, '2013-03-21 16:07:10', 'admin修改Id为9标题为dddd的文档', 2, NULL, NULL, NULL, NULL, NULL),
(656, 'admin', 13, '2013-03-21 16:08:01', 'admin浏览Id为13标题为nnn的文档', 4, NULL, NULL, NULL, NULL, NULL),
(657, 'admin', 13, '2013-03-21 16:08:01', 'admin修改Id为13标题为nnn的文档', 2, NULL, NULL, NULL, NULL, NULL),
(658, 'admin', 6, '2013-03-21 16:08:09', 'admin浏览Id为6标题为kjk的文档', 4, NULL, NULL, NULL, NULL, NULL),
(659, 'admin', 6, '2013-03-21 16:08:09', 'admin修改Id为6标题为kjk的文档', 2, NULL, NULL, NULL, NULL, NULL),
(660, 'admin', NULL, '2013-03-21 17:21:32', 'admin登录系统', 1, NULL, NULL, NULL, NULL, NULL),
(661, 'admin', NULL, '2013-03-21 17:23:24', 'admin登录系统', 1, NULL, NULL, NULL, NULL, NULL),
(662, 'admin', NULL, '2013-03-21 17:25:16', 'admin文档为null', 0, NULL, NULL, NULL, NULL, NULL),
(663, 'admin', NULL, '2013-03-21 17:26:14', 'admin文档为null', 0, NULL, NULL, NULL, NULL, NULL),
(664, 'admin', NULL, '2013-03-21 17:26:15', 'admin文档为null', 0, NULL, NULL, NULL, NULL, NULL),
(665, 'admin', NULL, '2013-03-21 17:31:41', 'admin登录系统', 1, NULL, NULL, NULL, NULL, NULL),
(666, 'admin', 6, '2013-03-21 17:32:01', 'admin浏览Id为6标题为kjk的文档', 4, NULL, NULL, NULL, NULL, NULL),
(667, 'admin', NULL, '2013-03-21 17:40:07', 'admin登录系统', 1, NULL, NULL, NULL, NULL, NULL),
(668, 'admin', 6, '2013-03-21 17:40:14', 'admin浏览Id为6标题为kjk的文档', 4, NULL, NULL, NULL, NULL, NULL),
(669, 'admin', 6, '2013-03-21 17:40:14', 'admin修改Id为6标题为kjk的文档', 2, NULL, NULL, NULL, NULL, NULL),
(670, 'admin', 8, '2013-03-21 17:40:20', 'admin浏览Id为8标题为fdf的文档', 4, NULL, NULL, NULL, NULL, NULL),
(671, 'admin', 8, '2013-03-21 17:40:20', 'admin修改Id为8标题为fdf的文档', 2, NULL, NULL, NULL, NULL, NULL),
(672, 'admin', 6, '2013-03-21 17:40:47', 'admin浏览Id为6标题为kjk的文档', 4, NULL, NULL, NULL, NULL, NULL),
(673, 'admin', 6, '2013-03-21 17:40:48', 'admin修改Id为6标题为kjk的文档', 2, NULL, NULL, NULL, NULL, NULL),
(674, 'admin', NULL, '2013-03-21 18:26:25', 'admin登录系统', 1, NULL, NULL, NULL, NULL, NULL),
(675, 'admin', 6, '2013-03-21 18:26:30', 'admin浏览Id为6标题为kjk的文档', 4, NULL, NULL, NULL, NULL, NULL),
(676, 'admin', 6, '2013-03-21 18:26:31', 'admin修改Id为6标题为kjk的文档', 2, NULL, NULL, NULL, NULL, NULL),
(677, 'admin', 11, '2013-03-21 18:26:48', 'admin浏览Id为11标题为fsfsd的文档', 4, NULL, NULL, NULL, NULL, NULL),
(678, 'admin', 11, '2013-03-21 18:26:48', 'admin修改Id为11标题为fsfsd的文档', 2, NULL, NULL, NULL, NULL, NULL),
(679, 'admin', NULL, '2013-03-21 18:29:58', 'admin登录系统', 1, NULL, NULL, NULL, NULL, NULL),
(680, 'admin', 7, '2013-03-21 18:30:07', 'admin浏览Id为7标题为55的文档', 4, NULL, NULL, NULL, NULL, NULL),
(681, 'admin', 7, '2013-03-21 18:30:08', 'admin修改Id为7标题为55的文档', 2, NULL, NULL, NULL, NULL, NULL),
(682, 'admin', 6, '2013-03-21 18:30:16', 'admin浏览Id为6标题为kjk的文档', 4, NULL, NULL, NULL, NULL, NULL),
(683, 'admin', 6, '2013-03-21 18:30:16', 'admin修改Id为6标题为kjk的文档', 2, NULL, NULL, NULL, NULL, NULL),
(684, 'admin', 6, '2013-03-21 18:32:07', 'admin浏览Id为6标题为kjk的文档', 4, NULL, NULL, NULL, NULL, NULL),
(685, 'admin', 6, '2013-03-21 18:32:07', 'admin修改Id为6标题为kjk的文档', 2, NULL, NULL, NULL, NULL, NULL),
(686, 'admin', 7, '2013-03-21 18:32:21', 'admin浏览Id为7标题为55的文档', 4, NULL, NULL, NULL, NULL, NULL),
(687, 'admin', 7, '2013-03-21 18:32:21', 'admin修改Id为7标题为55的文档', 2, NULL, NULL, NULL, NULL, NULL),
(688, 'admin', 8, '2013-03-21 18:32:32', 'admin浏览Id为8标题为fdf的文档', 4, NULL, NULL, NULL, NULL, NULL),
(689, 'admin', 8, '2013-03-21 18:32:32', 'admin修改Id为8标题为fdf的文档', 2, NULL, NULL, NULL, NULL, NULL),
(690, 'admin', 9, '2013-03-21 18:34:56', 'admin浏览Id为9标题为dddd的文档', 4, NULL, NULL, NULL, NULL, NULL),
(691, 'admin', 9, '2013-03-21 18:34:57', 'admin修改Id为9标题为dddd的文档', 2, NULL, NULL, NULL, NULL, NULL),
(692, 'admin', 9, '2013-03-21 18:35:06', 'admin浏览Id为9标题为dddd的文档', 4, NULL, NULL, NULL, NULL, NULL),
(693, 'admin', 9, '2013-03-21 18:35:06', 'admin修改Id为9标题为dddd的文档', 2, NULL, NULL, NULL, NULL, NULL),
(694, 'admin', 11, '2013-03-21 18:35:18', 'admin浏览Id为11标题为fsfsd的文档', 4, NULL, NULL, NULL, NULL, NULL),
(695, 'admin', 11, '2013-03-21 18:35:19', 'admin修改Id为11标题为fsfsd的文档', 2, NULL, NULL, NULL, NULL, NULL),
(696, 'admin', 6, '2013-03-21 18:35:29', 'admin浏览Id为6标题为kjk的文档', 4, NULL, NULL, NULL, NULL, NULL),
(697, 'admin', 6, '2013-03-21 18:35:29', 'admin修改Id为6标题为kjk的文档', 2, NULL, NULL, NULL, NULL, NULL),
(698, 'admin', 10, '2013-03-21 18:36:10', 'admin浏览Id为10标题为gggff的文档', 4, NULL, NULL, NULL, NULL, NULL),
(699, 'admin', 10, '2013-03-21 18:36:10', 'admin修改Id为10标题为gggff的文档', 2, NULL, NULL, NULL, NULL, NULL),
(700, 'admin', 10, '2013-03-21 18:36:21', 'admin浏览Id为10标题为gggff的文档', 4, NULL, NULL, NULL, NULL, NULL),
(701, 'admin', 10, '2013-03-21 18:36:22', 'admin修改Id为10标题为gggff的文档', 2, NULL, NULL, NULL, NULL, NULL),
(702, 'admin', NULL, '2013-03-21 18:39:00', 'admin登录系统', 1, NULL, NULL, NULL, NULL, NULL),
(703, 'admin', 8, '2013-03-21 18:39:08', 'admin浏览Id为8标题为fdf的文档', 4, NULL, NULL, NULL, NULL, NULL),
(704, 'admin', 8, '2013-03-21 18:39:08', 'admin修改Id为8标题为fdf的文档', 2, NULL, NULL, NULL, NULL, NULL),
(705, 'admin', 8, '2013-03-21 18:39:18', 'admin浏览Id为8标题为fdf的文档', 4, NULL, NULL, NULL, NULL, NULL),
(706, 'admin', 8, '2013-03-21 18:39:18', 'admin修改Id为8标题为fdf的文档', 2, NULL, NULL, NULL, NULL, NULL),
(707, 'admin', 8, '2013-03-21 18:40:24', 'admin浏览Id为8标题为fdf的文档', 4, NULL, NULL, NULL, NULL, NULL),
(708, 'admin', 8, '2013-03-21 18:40:24', 'admin修改Id为8标题为fdf的文档', 2, NULL, NULL, NULL, NULL, NULL),
(709, 'admin', 8, '2013-03-21 18:40:37', 'admin浏览Id为8标题为fdf的文档', 4, NULL, NULL, NULL, NULL, NULL),
(710, 'admin', 8, '2013-03-21 18:40:38', 'admin修改Id为8标题为fdf的文档', 2, NULL, NULL, NULL, NULL, NULL),
(711, 'admin', 9, '2013-03-21 18:40:43', 'admin浏览Id为9标题为dddd的文档', 4, NULL, NULL, NULL, NULL, NULL),
(712, 'admin', 9, '2013-03-21 18:40:43', 'admin修改Id为9标题为dddd的文档', 2, NULL, NULL, NULL, NULL, NULL),
(713, 'admin', 9, '2013-03-21 18:40:52', 'admin浏览Id为9标题为dddd的文档', 4, NULL, NULL, NULL, NULL, NULL),
(714, 'admin', 9, '2013-03-21 18:40:53', 'admin修改Id为9标题为dddd的文档', 2, NULL, NULL, NULL, NULL, NULL),
(715, 'admin', NULL, '2013-03-21 18:41:39', 'admin登录系统', 1, NULL, NULL, NULL, NULL, NULL),
(716, 'admin', 8, '2013-03-21 18:41:45', 'admin浏览Id为8标题为fdf的文档', 4, NULL, NULL, NULL, NULL, NULL),
(717, 'admin', 8, '2013-03-21 18:41:45', 'admin修改Id为8标题为fdf的文档', 2, NULL, NULL, NULL, NULL, NULL),
(718, 'admin', 9, '2013-03-21 18:43:53', 'admin浏览Id为9标题为dddd的文档', 4, NULL, NULL, NULL, NULL, NULL),
(719, 'admin', 9, '2013-03-21 18:43:54', 'admin修改Id为9标题为dddd的文档', 2, NULL, NULL, NULL, NULL, NULL),
(720, 'admin', 9, '2013-03-21 18:44:41', 'admin浏览Id为9标题为dddd的文档', 4, NULL, NULL, NULL, NULL, NULL),
(721, 'admin', 9, '2013-03-21 18:44:41', 'admin修改Id为9标题为dddd的文档', 2, NULL, NULL, NULL, NULL, NULL),
(722, 'admin', 6, '2013-03-21 18:45:21', 'admin浏览Id为6标题为kjk的文档', 4, NULL, NULL, NULL, NULL, NULL),
(723, 'admin', 6, '2013-03-21 18:45:22', 'admin修改Id为6标题为kjk的文档', 2, NULL, NULL, NULL, NULL, NULL),
(724, 'admin', 7, '2013-03-21 18:45:33', 'admin浏览Id为7标题为55的文档', 4, NULL, NULL, NULL, NULL, NULL),
(725, 'admin', 7, '2013-03-21 18:45:33', 'admin修改Id为7标题为55的文档', 2, NULL, NULL, NULL, NULL, NULL),
(726, 'admin', 8, '2013-03-21 18:48:39', 'admin浏览Id为8标题为fdf的文档', 4, NULL, NULL, NULL, NULL, NULL),
(727, 'admin', 8, '2013-03-21 18:48:39', 'admin修改Id为8标题为fdf的文档', 2, NULL, NULL, NULL, NULL, NULL),
(728, 'admin', 8, '2013-03-21 18:49:49', 'admin浏览Id为8标题为fdf的文档', 4, NULL, NULL, NULL, NULL, NULL),
(729, 'admin', 8, '2013-03-21 18:49:50', 'admin修改Id为8标题为fdf的文档', 2, NULL, NULL, NULL, NULL, NULL),
(730, 'admin', 8, '2013-03-21 18:51:27', 'admin浏览Id为8标题为fdf的文档', 4, NULL, NULL, NULL, NULL, NULL),
(731, 'admin', 8, '2013-03-21 18:51:28', 'admin修改Id为8标题为fdf的文档', 2, NULL, NULL, NULL, NULL, NULL),
(732, 'admin', 6, '2013-03-21 18:51:36', 'admin浏览Id为6标题为kjk的文档', 4, NULL, NULL, NULL, NULL, NULL),
(733, 'admin', 6, '2013-03-21 18:51:36', 'admin修改Id为6标题为kjk的文档', 2, NULL, NULL, NULL, NULL, NULL),
(734, 'admin', 7, '2013-03-21 18:51:42', 'admin浏览Id为7标题为55的文档', 4, NULL, NULL, NULL, NULL, NULL),
(735, 'admin', 7, '2013-03-21 18:51:42', 'admin修改Id为7标题为55的文档', 2, NULL, NULL, NULL, NULL, NULL),
(736, 'admin', 6, '2013-03-21 18:52:05', 'admin浏览Id为6标题为kjk的文档', 4, NULL, NULL, NULL, NULL, NULL),
(737, 'admin', 6, '2013-03-21 18:52:06', 'admin修改Id为6标题为kjk的文档', 2, NULL, NULL, NULL, NULL, NULL),
(738, 'admin', 7, '2013-03-21 18:52:12', 'admin浏览Id为7标题为55的文档', 4, NULL, NULL, NULL, NULL, NULL),
(739, 'admin', 7, '2013-03-21 18:52:12', 'admin修改Id为7标题为55的文档', 2, NULL, NULL, NULL, NULL, NULL),
(740, 'admin', NULL, '2013-03-21 19:23:13', 'admin登录系统', 1, NULL, NULL, NULL, NULL, NULL),
(741, 'admin', 8, '2013-03-21 19:23:22', 'admin浏览Id为8标题为fdf的文档', 4, NULL, NULL, NULL, NULL, NULL),
(742, 'admin', 8, '2013-03-21 19:23:23', 'admin修改Id为8标题为fdf的文档', 2, NULL, NULL, NULL, NULL, NULL),
(743, 'admin', 10, '2013-03-21 19:23:30', 'admin浏览Id为10标题为gggff的文档', 4, NULL, NULL, NULL, NULL, NULL),
(744, 'admin', 10, '2013-03-21 19:23:30', 'admin修改Id为10标题为gggff的文档', 2, NULL, NULL, NULL, NULL, NULL),
(745, 'admin', 8, '2013-03-21 19:23:37', 'admin浏览Id为8标题为fdf的文档', 4, NULL, NULL, NULL, NULL, NULL),
(746, 'admin', 8, '2013-03-21 19:23:37', 'admin修改Id为8标题为fdf的文档', 2, NULL, NULL, NULL, NULL, NULL),
(747, 'admin', 9, '2013-03-21 19:25:08', 'admin浏览Id为9标题为dddd的文档', 4, NULL, NULL, NULL, NULL, NULL),
(748, 'admin', 9, '2013-03-21 19:25:09', 'admin修改Id为9标题为dddd的文档', 2, NULL, NULL, NULL, NULL, NULL),
(749, 'admin', 10, '2013-03-21 19:26:03', 'admin浏览Id为10标题为gggff的文档', 4, NULL, NULL, NULL, NULL, NULL),
(750, 'admin', 10, '2013-03-21 19:26:03', 'admin修改Id为10标题为gggff的文档', 2, NULL, NULL, NULL, NULL, NULL),
(751, 'admin', NULL, '2013-03-21 19:26:45', 'admin登录系统', 1, NULL, NULL, NULL, NULL, NULL),
(752, 'admin', 7, '2013-03-21 19:26:51', 'admin浏览Id为7标题为55的文档', 4, NULL, NULL, NULL, NULL, NULL),
(753, 'admin', 7, '2013-03-21 19:26:51', 'admin修改Id为7标题为55的文档', 2, NULL, NULL, NULL, NULL, NULL),
(754, 'admin', 6, '2013-03-21 19:26:57', 'admin浏览Id为6标题为kjk的文档', 4, NULL, NULL, NULL, NULL, NULL),
(755, 'admin', 6, '2013-03-21 19:26:57', 'admin修改Id为6标题为kjk的文档', 2, NULL, NULL, NULL, NULL, NULL),
(756, 'admin', 16, '2013-03-21 19:27:34', 'admin浏览Id为16标题为nnnjh的文档', 4, NULL, NULL, NULL, NULL, NULL),
(757, 'admin', 16, '2013-03-21 19:27:34', 'admin修改Id为16标题为nnnjh的文档', 2, NULL, NULL, NULL, NULL, NULL),
(758, 'admin', 13, '2013-03-21 19:27:43', 'admin浏览Id为13标题为nnn的文档', 4, NULL, NULL, NULL, NULL, NULL),
(759, 'admin', 13, '2013-03-21 19:27:45', 'admin修改Id为13标题为nnn的文档', 2, NULL, NULL, NULL, NULL, NULL),
(760, 'admin', 8, '2013-03-21 19:27:57', 'admin浏览Id为8标题为fdf的文档', 4, NULL, NULL, NULL, NULL, NULL),
(761, 'admin', 8, '2013-03-21 19:27:57', 'admin修改Id为8标题为fdf的文档', 2, NULL, NULL, NULL, NULL, NULL),
(762, 'admin', NULL, '2013-03-21 19:28:47', 'admin登录系统', 1, NULL, NULL, NULL, NULL, NULL),
(763, 'admin', NULL, '2013-03-25 14:08:49', 'admin登录系统', 1, NULL, NULL, NULL, NULL, NULL),
(764, '1234567ff', NULL, '2013-03-25 19:33:01', '未定义用户登录系统', 1, NULL, NULL, NULL, NULL, NULL),
(765, '1234567ff', 6, '2013-03-25 19:34:27', '1234567ff浏览Id为6标题为kjk的文档', 4, NULL, NULL, NULL, NULL, NULL),
(766, '1234567ff', 6, '2013-03-25 19:34:28', '1234567ff修改Id为6标题为kjk的文档', 2, NULL, NULL, NULL, NULL, NULL),
(767, '1234567ff', 7, '2013-03-25 19:34:37', '1234567ff浏览Id为7标题为55的文档', 4, NULL, NULL, NULL, NULL, NULL),
(768, '1234567ff', 7, '2013-03-25 19:34:37', '1234567ff修改Id为7标题为55的文档', 2, NULL, NULL, NULL, NULL, NULL),
(769, '1234567ff', 9, '2013-03-25 19:34:44', '1234567ff浏览Id为9标题为dddd的文档', 4, NULL, NULL, NULL, NULL, NULL),
(770, '1234567ff', 9, '2013-03-25 19:34:44', '1234567ff修改Id为9标题为dddd的文档', 2, NULL, NULL, NULL, NULL, NULL),
(771, '1234567ff', 11, '2013-03-25 19:34:52', '1234567ff浏览Id为11标题为fsfsd的文档', 4, NULL, NULL, NULL, NULL, NULL),
(772, '1234567ff', 11, '2013-03-25 19:34:53', '1234567ff修改Id为11标题为fsfsd的文档', 2, NULL, NULL, NULL, NULL, NULL),
(773, '1234567ff', 13, '2013-03-25 19:35:02', '1234567ff浏览Id为13标题为nnn的文档', 4, NULL, NULL, NULL, NULL, NULL),
(774, '1234567ff', 13, '2013-03-25 19:35:02', '1234567ff修改Id为13标题为nnn的文档', 2, NULL, NULL, NULL, NULL, NULL),
(775, '1234567ff', 20, '2013-03-25 19:35:15', '1234567ff浏览Id为20标题为asd的文档', 4, NULL, NULL, NULL, NULL, NULL),
(776, '1234567ff', 20, '2013-03-25 19:35:15', '1234567ff修改Id为20标题为asd的文档', 2, NULL, NULL, NULL, NULL, NULL),
(777, '1234567ff', 19, '2013-03-25 19:35:19', '1234567ff浏览Id为19标题为dfg的文档', 4, NULL, NULL, NULL, NULL, NULL),
(778, '1234567ff', 19, '2013-03-25 19:35:20', '1234567ff修改Id为19标题为dfg的文档', 2, NULL, NULL, NULL, NULL, NULL),
(779, '1234567ff', 18, '2013-03-25 19:35:23', '1234567ff浏览Id为18标题为ccc的文档', 4, NULL, NULL, NULL, NULL, NULL),
(780, '1234567ff', 18, '2013-03-25 19:35:24', '1234567ff修改Id为18标题为ccc的文档', 2, NULL, NULL, NULL, NULL, NULL),
(781, '1234567ff', 14, '2013-03-25 19:35:33', '1234567ff浏览Id为14标题为ffddd的文档', 4, NULL, NULL, NULL, NULL, NULL),
(782, '1234567ff', 14, '2013-03-25 19:35:33', '1234567ff修改Id为14标题为ffddd的文档', 2, NULL, NULL, NULL, NULL, NULL),
(783, '1234567ff', 17, '2013-03-25 19:35:39', '1234567ff浏览Id为17标题为dfgdf的文档', 4, NULL, NULL, NULL, NULL, NULL),
(784, '1234567ff', 17, '2013-03-25 19:35:40', '1234567ff修改Id为17标题为dfgdf的文档', 2, NULL, NULL, NULL, NULL, NULL),
(785, '1234567ff', 20, '2013-03-25 19:35:47', '1234567ff浏览Id为20标题为asd的文档', 4, NULL, NULL, NULL, NULL, NULL),
(786, '1234567ff', 20, '2013-03-25 19:35:48', '1234567ff修改Id为20标题为asd的文档', 2, NULL, NULL, NULL, NULL, NULL),
(787, '1234567ff', 14, '2013-03-25 19:35:54', '1234567ff浏览Id为14标题为ffddd的文档', 4, NULL, NULL, NULL, NULL, NULL),
(788, '1234567ff', 14, '2013-03-25 19:35:54', '1234567ff修改Id为14标题为ffddd的文档', 2, NULL, NULL, NULL, NULL, NULL),
(789, '1234567ff', NULL, '2013-03-25 19:40:50', '未定义用户登录系统', 1, NULL, NULL, NULL, NULL, NULL),
(790, '1234567ff', 6, '2013-03-25 19:41:06', '1234567ff浏览Id为6标题为kjk的文档', 4, NULL, NULL, NULL, NULL, NULL),
(791, '1234567ff', 6, '2013-03-25 19:41:06', '1234567ff修改Id为6标题为kjk的文档', 2, NULL, NULL, NULL, NULL, NULL),
(792, '1234567ff', 7, '2013-03-25 19:41:19', '1234567ff浏览Id为7标题为55的文档', 4, NULL, NULL, NULL, NULL, NULL),
(793, '1234567ff', 7, '2013-03-25 19:41:20', '1234567ff修改Id为7标题为55的文档', 2, NULL, NULL, NULL, NULL, NULL),
(794, '1234567ff', 10, '2013-03-25 19:41:27', '1234567ff浏览Id为10标题为gggff的文档', 4, NULL, NULL, NULL, NULL, NULL),
(795, '1234567ff', 10, '2013-03-25 19:41:27', '1234567ff修改Id为10标题为gggff的文档', 2, NULL, NULL, NULL, NULL, NULL),
(796, '1234567ff', 13, '2013-03-25 19:41:34', '1234567ff浏览Id为13标题为nnn的文档', 4, NULL, NULL, NULL, NULL, NULL),
(797, '1234567ff', 13, '2013-03-25 19:41:34', '1234567ff修改Id为13标题为nnn的文档', 2, NULL, NULL, NULL, NULL, NULL),
(798, '1234567ff', NULL, '2013-03-25 19:48:41', '未定义用户登录系统', 1, NULL, NULL, NULL, NULL, NULL),
(799, '1234567ff', NULL, '2013-03-25 19:51:33', '未定义用户登录系统', 1, NULL, NULL, NULL, NULL, NULL),
(800, '1234567ff', 6, '2013-03-25 19:51:37', '1234567ff浏览Id为6标题为kjk的文档', 4, NULL, NULL, NULL, NULL, NULL),
(801, '1234567ff', 6, '2013-03-25 19:51:38', '1234567ff修改Id为6标题为kjk的文档', 2, NULL, NULL, NULL, NULL, NULL),
(802, '1234567ff', 7, '2013-03-25 19:51:42', '1234567ff浏览Id为7标题为55的文档', 4, NULL, NULL, NULL, NULL, NULL),
(803, '1234567ff', 7, '2013-03-25 19:51:42', '1234567ff修改Id为7标题为55的文档', 2, NULL, NULL, NULL, NULL, NULL),
(804, '1234567ff', 8, '2013-03-25 19:51:45', '1234567ff浏览Id为8标题为fdf的文档', 4, NULL, NULL, NULL, NULL, NULL),
(805, '1234567ff', 8, '2013-03-25 19:51:45', '1234567ff修改Id为8标题为fdf的文档', 2, NULL, NULL, NULL, NULL, NULL),
(806, '1234567ff', 10, '2013-03-25 19:51:52', '1234567ff浏览Id为10标题为gggff的文档', 4, NULL, NULL, NULL, NULL, NULL),
(807, '1234567ff', 10, '2013-03-25 19:51:53', '1234567ff修改Id为10标题为gggff的文档', 2, NULL, NULL, NULL, NULL, NULL),
(808, '1234567ff', 14, '2013-03-25 19:52:02', '1234567ff浏览Id为14标题为ffddd的文档', 4, NULL, NULL, NULL, NULL, NULL),
(809, '1234567ff', 14, '2013-03-25 19:52:02', '1234567ff修改Id为14标题为ffddd的文档', 2, NULL, NULL, NULL, NULL, NULL),
(810, '1234567ff', 17, '2013-03-25 19:52:06', '1234567ff浏览Id为17标题为dfgdf的文档', 4, NULL, NULL, NULL, NULL, NULL),
(811, '1234567ff', 17, '2013-03-25 19:52:06', '1234567ff修改Id为17标题为dfgdf的文档', 2, NULL, NULL, NULL, NULL, NULL),
(812, '1234567ff', 20, '2013-03-25 19:52:15', '1234567ff浏览Id为20标题为asd的文档', 4, NULL, NULL, NULL, NULL, NULL),
(813, '1234567ff', 20, '2013-03-25 19:52:15', '1234567ff修改Id为20标题为asd的文档', 2, NULL, NULL, NULL, NULL, NULL),
(814, '1234567ff', 6, '2013-03-25 19:52:23', '1234567ff浏览Id为6标题为kjk的文档', 4, NULL, NULL, NULL, NULL, NULL),
(815, '1234567ff', 6, '2013-03-25 19:52:24', '1234567ff修改Id为6标题为kjk的文档', 2, NULL, NULL, NULL, NULL, NULL),
(816, '1234567ff', 7, '2013-03-25 19:52:27', '1234567ff浏览Id为7标题为55的文档', 4, NULL, NULL, NULL, NULL, NULL),
(817, '1234567ff', 7, '2013-03-25 19:52:28', '1234567ff修改Id为7标题为55的文档', 2, NULL, NULL, NULL, NULL, NULL),
(818, '1234567ff', 11, '2013-03-25 19:52:32', '1234567ff浏览Id为11标题为fsfsd的文档', 4, NULL, NULL, NULL, NULL, NULL),
(819, '1234567ff', 11, '2013-03-25 19:52:33', '1234567ff修改Id为11标题为fsfsd的文档', 2, NULL, NULL, NULL, NULL, NULL),
(820, '1234567ff', 11, '2013-03-25 19:52:34', '1234567ff浏览Id为11标题为fsfsd的文档', 4, NULL, NULL, NULL, NULL, NULL),
(821, '1234567ff', 11, '2013-03-25 19:52:34', '1234567ff修改Id为11标题为fsfsd的文档', 2, NULL, NULL, NULL, NULL, NULL),
(822, '33213', NULL, '2013-03-25 19:53:20', '未定义用户登录系统', 1, NULL, NULL, NULL, NULL, NULL),
(823, '33213', 6, '2013-03-25 19:53:25', '33213浏览Id为6标题为kjk的文档', 4, NULL, NULL, NULL, NULL, NULL),
(824, '33213', 6, '2013-03-25 19:53:26', '33213修改Id为6标题为kjk的文档', 2, NULL, NULL, NULL, NULL, NULL),
(825, '33213', 7, '2013-03-25 19:53:32', '33213浏览Id为7标题为55的文档', 4, NULL, NULL, NULL, NULL, NULL),
(826, '33213', 7, '2013-03-25 19:53:33', '33213修改Id为7标题为55的文档', 2, NULL, NULL, NULL, NULL, NULL),
(827, '1234567ff', NULL, '2013-03-27 13:01:59', '未定义用户登录系统', 1, NULL, NULL, NULL, NULL, NULL),
(828, '1234567ff', 6, '2013-03-27 13:02:12', '1234567ff浏览Id为6标题为kjk的文档', 4, NULL, NULL, NULL, NULL, NULL),
(829, '1234567ff', 6, '2013-03-27 13:02:13', '1234567ff修改Id为6标题为kjk的文档', 2, NULL, NULL, NULL, NULL, NULL),
(830, '1234567ff', 10, '2013-03-27 13:02:23', '1234567ff浏览Id为10标题为gggff的文档', 4, NULL, NULL, NULL, NULL, NULL),
(831, '1234567ff', 10, '2013-03-27 13:02:24', '1234567ff修改Id为10标题为gggff的文档', 2, NULL, NULL, NULL, NULL, NULL),
(832, '1234567ff', 6, '2013-03-27 13:02:32', '1234567ff浏览Id为6标题为kjk的文档', 4, NULL, NULL, NULL, NULL, NULL),
(833, '1234567ff', 6, '2013-03-27 13:02:33', '1234567ff修改Id为6标题为kjk的文档', 2, NULL, NULL, NULL, NULL, NULL),
(834, '1234567ff', NULL, '2013-03-27 13:04:02', '未定义用户登录系统', 1, NULL, NULL, NULL, NULL, NULL),
(835, '1234567ff', 6, '2013-03-27 13:04:10', '1234567ff浏览Id为6标题为kjk的文档', 4, NULL, NULL, NULL, NULL, NULL),
(836, '1234567ff', 6, '2013-03-27 13:04:10', '1234567ff修改Id为6标题为kjk的文档', 2, NULL, NULL, NULL, NULL, NULL),
(837, '1234567ff', 7, '2013-03-27 13:04:20', '1234567ff浏览Id为7标题为55的文档', 4, NULL, NULL, NULL, NULL, NULL),
(838, '1234567ff', 7, '2013-03-27 13:04:20', '1234567ff修改Id为7标题为55的文档', 2, NULL, NULL, NULL, NULL, NULL),
(839, '1234567ff', 9, '2013-03-27 13:04:30', '1234567ff浏览Id为9标题为dddd的文档', 4, NULL, NULL, NULL, NULL, NULL),
(840, '1234567ff', 9, '2013-03-27 13:04:31', '1234567ff修改Id为9标题为dddd的文档', 2, NULL, NULL, NULL, NULL, NULL),
(841, '1234567ff', 11, '2013-03-27 13:04:40', '1234567ff浏览Id为11标题为fsfsd的文档', 4, NULL, NULL, NULL, NULL, NULL),
(842, '1234567ff', 11, '2013-03-27 13:04:40', '1234567ff修改Id为11标题为fsfsd的文档', 2, NULL, NULL, NULL, NULL, NULL),
(843, '1234567ff', 13, '2013-03-27 13:04:50', '1234567ff浏览Id为13标题为nnn的文档', 4, NULL, NULL, NULL, NULL, NULL),
(844, '1234567ff', 13, '2013-03-27 13:04:51', '1234567ff修改Id为13标题为nnn的文档', 2, NULL, NULL, NULL, NULL, NULL),
(845, '1234567ff', 8, '2013-03-27 13:05:00', '1234567ff浏览Id为8标题为fdf的文档', 4, NULL, NULL, NULL, NULL, NULL),
(846, '1234567ff', 8, '2013-03-27 13:05:00', '1234567ff修改Id为8标题为fdf的文档', 2, NULL, NULL, NULL, NULL, NULL),
(847, 'admin', NULL, '2013-03-27 13:05:30', 'admin登录系统', 1, NULL, NULL, NULL, NULL, NULL),
(848, 'admin', 8, '2013-03-27 13:06:55', 'admin浏览Id为8标题为fdf的文档', 4, NULL, NULL, NULL, NULL, NULL),
(849, 'admin', 8, '2013-03-27 13:06:57', 'admin修改Id为8标题为fdf的文档', 2, NULL, NULL, NULL, NULL, NULL),
(850, 'admin', 6, '2013-03-27 13:07:03', 'admin浏览Id为6标题为kjk的文档', 4, NULL, NULL, NULL, NULL, NULL),
(851, 'admin', 6, '2013-03-27 13:07:07', 'admin修改Id为6标题为kjk的文档', 2, NULL, NULL, NULL, NULL, NULL),
(852, '1234567ff', 11, '2013-03-27 13:07:21', '1234567ff浏览Id为11标题为fsfsd的文档', 4, NULL, NULL, NULL, NULL, NULL),
(853, '1234567ff', 11, '2013-03-27 13:07:22', '1234567ff修改Id为11标题为fsfsd的文档', 2, NULL, NULL, NULL, NULL, NULL),
(854, '1234567ff', 6, '2013-03-27 13:07:32', '1234567ff浏览Id为6标题为kjk的文档', 4, NULL, NULL, NULL, NULL, NULL),
(855, '1234567ff', 6, '2013-03-27 13:07:32', '1234567ff修改Id为6标题为kjk的文档', 2, NULL, NULL, NULL, NULL, NULL),
(856, '1234567ff', 7, '2013-03-27 13:07:47', '1234567ff浏览Id为7标题为55的文档', 4, NULL, NULL, NULL, NULL, NULL),
(857, '1234567ff', 7, '2013-03-27 13:07:47', '1234567ff修改Id为7标题为55的文档', 2, NULL, NULL, NULL, NULL, NULL),
(858, '1234567ff', 15, '2013-03-27 13:07:56', '1234567ff浏览Id为15标题为fffd的文档', 4, NULL, NULL, NULL, NULL, NULL),
(859, '1234567ff', 15, '2013-03-27 13:07:57', '1234567ff修改Id为15标题为fffd的文档', 2, NULL, NULL, NULL, NULL, NULL),
(860, '1234567ff', 8, '2013-03-27 13:08:07', '1234567ff浏览Id为8标题为fdf的文档', 4, NULL, NULL, NULL, NULL, NULL),
(861, '1234567ff', 8, '2013-03-27 13:08:08', '1234567ff修改Id为8标题为fdf的文档', 2, NULL, NULL, NULL, NULL, NULL),
(862, 'admin', 6, '2013-03-27 13:08:21', 'admin下载Id为6标题为kjk的文档', 3, NULL, NULL, NULL, NULL, NULL),
(863, 'admin', 6, '2013-03-27 13:08:24', 'admin下载Id为6标题为kjk的文档', 3, NULL, NULL, NULL, NULL, NULL),
(864, 'admin', 6, '2013-03-27 13:08:28', 'admin浏览Id为6标题为kjk的文档', 4, NULL, NULL, NULL, NULL, NULL),
(865, 'admin', 6, '2013-03-27 13:08:33', 'admin修改Id为6标题为kjk的文档', 2, NULL, NULL, NULL, NULL, NULL),
(866, 'admin', 6, '2013-03-27 13:08:36', 'admin下载Id为6标题为kjk的文档', 3, NULL, NULL, NULL, NULL, NULL),
(867, 'admin', 6, '2013-03-27 13:08:40', 'admin下载Id为6标题为kjk的文档', 3, NULL, NULL, NULL, NULL, NULL),
(868, 'admin', NULL, '2013-03-27 13:09:02', 'admin登录系统', 1, NULL, NULL, NULL, NULL, NULL),
(869, 'admin', 6, '2013-03-27 13:09:08', 'admin下载Id为6标题为kjk的文档', 3, NULL, NULL, NULL, NULL, NULL),
(870, 'admin', 8, '2013-03-27 13:11:26', 'admin浏览Id为8标题为fdf的文档', 4, NULL, NULL, NULL, NULL, NULL),
(871, 'admin', 7, '2013-03-27 13:11:40', 'admin浏览Id为7标题为55的文档', 4, NULL, NULL, NULL, NULL, NULL),
(872, 'admin', 7, '2013-03-27 13:11:52', 'admin修改Id为7标题为55的文档', 2, NULL, NULL, NULL, NULL, NULL),
(873, 'admin', NULL, '2013-03-27 13:13:22', 'admin登录系统', 1, NULL, NULL, NULL, NULL, NULL),
(874, 'admin', 7, '2013-03-27 13:13:26', 'admin下载Id为7标题为55的文档', 3, NULL, NULL, NULL, NULL, NULL),
(875, 'admin', 8, '2013-03-27 13:13:54', 'admin浏览Id为8标题为fdf的文档', 4, NULL, NULL, NULL, NULL, NULL),
(876, 'admin', 8, '2013-03-27 13:14:06', 'admin修改Id为8标题为fdf的文档', 2, NULL, NULL, NULL, NULL, NULL),
(877, 'admin', 8, '2013-03-27 13:14:11', 'admin下载Id为8标题为fdf的文档', 3, NULL, NULL, NULL, NULL, NULL),
(878, 'admin', 8, '2013-03-27 13:14:27', 'admin下载Id为8标题为fdf的文档', 3, NULL, NULL, NULL, NULL, NULL),
(879, 'admin', 9, '2013-03-27 13:14:33', 'admin浏览Id为9标题为dddd的文档', 4, NULL, NULL, NULL, NULL, NULL),
(880, 'admin', 9, '2013-03-27 13:14:42', 'admin修改Id为9标题为dddd的文档', 2, NULL, NULL, NULL, NULL, NULL),
(881, 'admin', 9, '2013-03-27 13:14:44', 'admin下载Id为9标题为dddd的文档', 3, NULL, NULL, NULL, NULL, NULL),
(882, 'iijk', NULL, '2013-03-27 13:41:00', '未定义用户登录系统', 1, NULL, NULL, NULL, NULL, NULL),
(883, 'iijk', NULL, '2013-03-27 13:41:11', '未定义用户登录系统', 1, NULL, NULL, NULL, NULL, NULL),
(884, 'iijk', NULL, '2013-03-27 13:41:36', '未定义用户登录系统', 1, NULL, NULL, NULL, NULL, NULL),
(885, 'iijk', 9, '2013-03-27 13:41:43', 'iijk浏览Id为9标题为dddd的文档', 4, NULL, NULL, NULL, NULL, NULL),
(886, 'iijk', 9, '2013-03-27 13:41:44', 'iijk修改Id为9标题为dddd的文档', 2, NULL, NULL, NULL, NULL, NULL),
(887, 'iijk', 6, '2013-03-27 13:41:49', 'iijk浏览Id为6标题为kjk的文档', 4, NULL, NULL, NULL, NULL, NULL),
(888, 'iijk', 6, '2013-03-27 13:41:49', 'iijk修改Id为6标题为kjk的文档', 2, NULL, NULL, NULL, NULL, NULL),
(889, 'iijk', 7, '2013-03-27 13:41:54', 'iijk浏览Id为7标题为55的文档', 4, NULL, NULL, NULL, NULL, NULL),
(890, 'iijk', 7, '2013-03-27 13:41:54', 'iijk修改Id为7标题为55的文档', 2, NULL, NULL, NULL, NULL, NULL),
(891, 'admin', NULL, '2013-03-27 14:18:34', 'admin登录系统', 1, NULL, NULL, NULL, NULL, NULL),
(892, 'admin', 21, '2013-03-27 14:22:03', 'admin上传Id为21标题为admin的文档', 2, NULL, NULL, NULL, NULL, NULL),
(893, 'admin', 21, '2013-03-27 14:22:11', 'admin浏览Id为21标题为admin的文档', 4, NULL, NULL, NULL, NULL, NULL),
(894, 'admin', 21, '2013-03-27 14:22:51', 'admin下载Id为21标题为admin的文档', 3, NULL, NULL, NULL, NULL, NULL),
(895, 'admin', 6, '2013-03-27 14:25:36', 'admin浏览Id为6标题为kjk的文档', 4, NULL, NULL, NULL, NULL, NULL),
(896, 'admin', 6, '2013-03-27 14:25:41', 'admin修改Id为6标题为kjk的文档', 2, NULL, NULL, NULL, NULL, NULL),
(897, '1234567ff', NULL, '2013-03-27 14:28:05', '未定义用户登录系统', 1, NULL, NULL, NULL, NULL, NULL),
(898, 'admin', NULL, '2013-03-27 14:28:40', 'admin登录系统', 1, NULL, NULL, NULL, NULL, NULL),
(899, 'admin', 6, '2013-03-27 14:29:05', 'admin浏览Id为6标题为kjk的文档', 4, NULL, NULL, NULL, NULL, NULL);
INSERT INTO `UserLog` (`Id`, `Name`, `DocumentsId`, `OperateTime`, `Operate`, `Type`, `UD0`, `UD1`, `UD2`, `UD3`, `UD4`) VALUES
(900, 'admin', 6, '2013-03-27 14:29:07', 'admin修改Id为6标题为kjk的文档', 2, NULL, NULL, NULL, NULL, NULL),
(901, 'admin', NULL, '2013-03-27 16:37:13', 'admin登录系统', 1, NULL, NULL, NULL, NULL, NULL),
(902, 'admin', NULL, '2013-03-29 15:50:26', 'admin登录系统', 1, NULL, NULL, NULL, NULL, NULL),
(903, 'admin', NULL, '2013-03-29 15:50:27', 'admin登录系统', 1, NULL, NULL, NULL, NULL, NULL),
(904, 'admin', NULL, '2013-06-05 08:26:21', 'admin登录系统', 1, NULL, NULL, NULL, NULL, NULL),
(905, 'admin', NULL, '2013-06-05 08:26:31', 'admin登录系统', 1, NULL, NULL, NULL, NULL, NULL);

-- --------------------------------------------------------

--
-- 表的结构 `Users`
--

CREATE TABLE IF NOT EXISTS `Users` (
  `Name` varchar(32) NOT NULL COMMENT '登录名，唯一标识',
  `Password` varchar(32) NOT NULL COMMENT '密码',
  `Email` varchar(32) NOT NULL COMMENT '邮箱',
  `Roles` int(11) NOT NULL COMMENT '权限  1：管理员,2:注册用户',
  `RealName` varchar(32) NOT NULL COMMENT '真实姓名',
  `Sex` int(11) DEFAULT NULL COMMENT '性别',
  `Birthday` date DEFAULT NULL COMMENT '生日',
  `Work` varchar(16) DEFAULT NULL COMMENT '职业',
  `Interest` varchar(32) DEFAULT NULL COMMENT '兴趣',
  `City` varchar(32) DEFAULT NULL COMMENT '城市',
  `UD0` varchar(64) DEFAULT NULL,
  `UD1` varchar(64) DEFAULT NULL,
  `UD2` varchar(64) DEFAULT NULL,
  `UD3` varchar(64) DEFAULT NULL,
  `UD4` varchar(64) DEFAULT NULL,
  PRIMARY KEY (`Name`),
  UNIQUE KEY `Email_UNIQUE` (`Email`)
) ENGINE=InnoDB DEFAULT CHARSET=utf8 COMMENT='用户表';

--
-- 转存表中的数据 `Users`
--

INSERT INTO `Users` (`Name`, `Password`, `Email`, `Roles`, `RealName`, `Sex`, `Birthday`, `Work`, `Interest`, `City`, `UD0`, `UD1`, `UD2`, `UD3`, `UD4`) VALUES
('111', '12345', '111', 1, '111阿四大四大', NULL, '2012-12-03', NULL, NULL, NULL, NULL, NULL, NULL, NULL, NULL),
('11111', '11111', '11111', 0, 'asda', NULL, '2013-02-19', NULL, NULL, NULL, NULL, NULL, NULL, NULL, NULL),
('112', '12345', '113', 0, '12jjj', NULL, '2012-12-04', NULL, NULL, NULL, NULL, NULL, NULL, NULL, NULL),
('1234567ff', '123456', '1234567', 0, '1234567', NULL, '2013-03-06', NULL, NULL, NULL, NULL, NULL, NULL, NULL, NULL),
('33213', '33213', '33213', 0, '33213', NULL, '2013-03-12', NULL, NULL, NULL, NULL, NULL, NULL, NULL, NULL),
('aaaaa', 'aaaaa', 'aaaaaa', 0, 'aaaaa', NULL, '2013-02-20', NULL, NULL, NULL, NULL, NULL, NULL, NULL, NULL),
('aaaaasdsd', 'aaaaa', 'aaaaasssd', 0, 'aaaaa', NULL, '2013-02-12', NULL, NULL, NULL, NULL, NULL, NULL, NULL, NULL),
('admin', 'admin', 'admin345345', 1, 'admin', NULL, NULL, NULL, NULL, NULL, NULL, NULL, NULL, NULL, NULL),
('admin123', 'admin123', 'damin1234', 0, 'adminffdd', NULL, '2013-01-10', NULL, NULL, NULL, NULL, NULL, NULL, NULL, NULL),
('admin12345', '123456', 'damin12345', 0, 'admin', NULL, '2013-01-10', NULL, NULL, NULL, NULL, NULL, NULL, NULL, NULL),
('admin123456', 'admin', 'damin123456', 0, 'admin', NULL, '2013-01-10', NULL, NULL, NULL, NULL, NULL, NULL, NULL, NULL),
('admin2', 'damin', 'damin1', 0, 'dsasdfsdf', NULL, '2012-12-12', NULL, NULL, NULL, NULL, NULL, NULL, NULL, NULL),
('amin4', 'admin', 'admin12', 0, 'sdfsdf', NULL, '2012-01-01', NULL, NULL, NULL, NULL, NULL, NULL, NULL, NULL),
('asd', 'asdasd', 'asd', 0, 'asd', NULL, '2013-02-20', NULL, NULL, NULL, NULL, NULL, NULL, NULL, NULL),
('ddsww', 'sssss', 'sssss', 0, 'sssss', NULL, '2013-02-07', NULL, NULL, NULL, NULL, NULL, NULL, NULL, NULL),
('dfsnjk', '12345', 'asdda', 0, 'zxxxx', NULL, '2012-12-12', NULL, NULL, NULL, NULL, NULL, NULL, NULL, NULL),
('eeeeeee', 'eeeee', 'eeeeee', 0, 'eeeeee', NULL, '2013-02-20', NULL, NULL, NULL, NULL, NULL, NULL, NULL, NULL),
('fgdfg', 'dfgdf', 'dfgdfg', 0, 'dfghfgh', NULL, '2013-01-01', NULL, NULL, NULL, NULL, NULL, NULL, NULL, NULL),
('hhhhh', 'hhhhh', 'hhhhh', 0, 'hhhhh', NULL, '2013-02-12', NULL, NULL, NULL, NULL, NULL, NULL, NULL, NULL),
('iijk', '123456', 'iijk', 0, '郑祥文', NULL, '2013-03-13', NULL, NULL, NULL, NULL, NULL, NULL, NULL, NULL),
('jjjjjj', 'hhhhh', 'jjjj', 0, 'jjjjjj', 1, '2013-01-01', NULL, NULL, NULL, NULL, NULL, NULL, NULL, NULL),
('kkkkk', 'kkkkk', 'kkkkk', 0, 'kkkkk', NULL, '2013-02-12', NULL, NULL, NULL, NULL, NULL, NULL, NULL, NULL),
('kkkkkhhh', 'hhhhh', 'kkkkkhhh', 0, 'kkkkkhhh', NULL, '2013-02-12', NULL, NULL, NULL, NULL, NULL, NULL, NULL, NULL),
('sdfsdfsdfsdf', 'ddddd', 'sdf', 0, 'sdf', NULL, '2013-01-31', NULL, NULL, NULL, NULL, NULL, NULL, NULL, NULL),
('tttr', '12345', 'rrrt', 0, 'rrt', NULL, '2012-12-13', NULL, NULL, NULL, NULL, NULL, NULL, NULL, NULL),
('tyttttgggfff', 'ddddd', 'ttttt', 0, 'tttt', NULL, '2013-02-19', NULL, NULL, NULL, NULL, NULL, NULL, NULL, NULL),
('tyutyutyusss', 'fffff', 'tyutyutyu', 0, 'fffff', NULL, '2013-02-13', NULL, NULL, NULL, NULL, NULL, NULL, NULL, NULL),
('werwerw', 'ddddd', 'werwerwe', 0, 'werwerwe', NULL, '2013-02-12', NULL, NULL, NULL, NULL, NULL, NULL, NULL, NULL),
('z22', 'sssss', 'ssss', 0, 'ssss', NULL, '2013-02-20', NULL, NULL, NULL, NULL, NULL, NULL, NULL, NULL),
('正csdfsd', '12345', '正csdfsd', 0, '正csdfsd', NULL, '2012-12-11', NULL, NULL, NULL, NULL, NULL, NULL, NULL, NULL);

-- --------------------------------------------------------

--
-- 表的结构 `test`
--

CREATE TABLE IF NOT EXISTS `test` (
  `name` varchar(32) NOT NULL,
  `Id_6` int(11) DEFAULT '0',
  `Id_14` int(11) DEFAULT '0',
  `Id_15` int(11) DEFAULT '0',
  `Id_16` int(11) DEFAULT '0',
  `Id_17` int(11) DEFAULT '0',
  `Id_7` int(11) DEFAULT '0',
  `Id_8` int(11) DEFAULT '0',
  `Id_9` int(11) DEFAULT '0',
  `Id_13` int(11) DEFAULT '0',
  `Id_18` int(11) DEFAULT '0',
  `Id_19` int(11) DEFAULT '0',
  `Id_10` int(11) DEFAULT '0',
  `Id_20` int(11) DEFAULT '0',
  `Id_21` int(11) DEFAULT '0',
  `Id_22` int(11) DEFAULT '0',
  `Id_23` int(11) DEFAULT '0',
  `Id_26` int(11) DEFAULT '0',
  `Id_24` int(11) DEFAULT '0',
  `Id_25` int(11) DEFAULT '0',
  `Id_11` int(11) DEFAULT '0',
  `Id_27` int(11) DEFAULT '0',
  PRIMARY KEY (`name`)
) ENGINE=InnoDB DEFAULT CHARSET=utf8;

--
-- 转存表中的数据 `test`
--

INSERT INTO `test` (`name`, `Id_6`, `Id_14`, `Id_15`, `Id_16`, `Id_17`, `Id_7`, `Id_8`, `Id_9`, `Id_13`, `Id_18`, `Id_19`, `Id_10`, `Id_20`, `Id_21`, `Id_22`, `Id_23`, `Id_26`, `Id_24`, `Id_25`, `Id_11`, `Id_27`) VALUES
('111', 1, 0, 1, 1, 0, 1, 1, 1, 1, 1, 0, 0, 0, 0, 0, 0, 0, 0, 0, 0, 0),
('1234567ff', 1, 1, 1, 0, 1, 1, 1, 1, 1, 1, 1, 1, 1, 0, 0, 0, 0, 0, 0, 1, 0),
('33213', 1, 0, 0, 0, 0, 1, 0, 0, 0, 0, 0, 0, 0, 0, 0, 0, 0, 0, 0, 0, 0),
('admin', 1, 1, 1, 1, 1, 1, 1, 1, 1, 1, 1, 1, 1, 1, 1, 1, 1, 0, 0, 1, 0),
('admin123', 1, 0, 1, 1, 0, 1, 1, 1, 1, 1, 1, 1, 1, 0, 0, 0, 0, 1, 1, 0, 1),
('iijk', 1, 0, 0, 0, 0, 1, 0, 1, 0, 0, 0, 0, 0, 0, 0, 0, 0, 0, 0, 0, 0),
('Unknown', 1, 0, 0, 0, 0, 1, 0, 0, 0, 0, 0, 1, 1, 0, 0, 0, 0, 0, 0, 1, 0);

/*!40101 SET CHARACTER_SET_CLIENT=@OLD_CHARACTER_SET_CLIENT */;
/*!40101 SET CHARACTER_SET_RESULTS=@OLD_CHARACTER_SET_RESULTS */;
/*!40101 SET COLLATION_CONNECTION=@OLD_COLLATION_CONNECTION */;
